Product Name,SKU,Forecast Quantity,Actual Sales Quantity,Price (TL/ton),Production Volume,Lead Time Manufacturing (days),Lead Time Delivery (days),Manufacturing Cost (TL/ton),Defect Rate (%),Inspection Result,Date
Product C,PRODC-301,277,288,5210.69,457,4,6,3182.78,2.54,Pass,2022-08-30
Product A,PRODA-103,453,450,5700.24,126,5,1,1408.7,2.39,Pass,2022-04-16
Product B,PRODB-201,122,113,6082.77,178,9,4,3553.33,1.78,Fail,2021-11-11
Product C,PRODC-303,318,327,2642.29,515,8,1,1993.64,0.86,Pass,2021-11-16
Product B,PRODB-203,236,214,5209.4,185,4,5,3895.09,1.28,Pass,2022-06-12
Product B,PRODB-201,448,476,6452.04,187,5,4,2148.38,2.27,Pass,2022-04-15
Product B,PRODB-201,162,152,2584.61,470,5,2,1642.02,1.93,Pass,2022-05-20
Product A,PRODA-103,344,328,3300.37,234,6,1,1059.7,2.6,Pass,2022-05-03
Product D,PRODD-402,433,435,6866.92,435,6,1,3140.37,3.28,Pass,2022-04-24
Product C,PRODC-301,184,202,2770.0,475,7,6,2152.58,1.8,Fail,2022-01-11
Product A,PRODA-103,107,113,6650.91,592,7,4,2754.98,3.49,Pass,2021-09-26
Product D,PRODD-401,156,150,7457.16,407,6,6,1295.97,2.36,Pass,2022-05-25
Product C,PRODC-302,346,361,4920.19,326,5,1,2077.21,0.64,Pass,2022-04-12
Product C,PRODC-303,365,349,7489.58,396,7,1,3724.1,1.21,Fail,2022-08-12
Product D,PRODD-402,88,93,4635.53,187,6,1,1572.43,2.16,Pass,2021-11-17
Product D,PRODD-401,437,430,3498.64,438,3,2,3437.37,1.4,Pass,2022-01-24
Product B,PRODB-202,220,224,3332.07,129,7,6,3341.56,1.36,Pass,2022-07-11
Product B,PRODB-201,173,167,4777.36,243,9,1,2303.82,1.96,Fail,2022-05-28
Product C,PRODC-302,447,476,3034.42,247,2,4,1952.06,2.37,Pass,2022-06-23
Product B,PRODB-202,342,357,6900.66,199,4,3,3603.12,0.51,Pass,2021-09-28
Product B,PRODB-202,479,430,7022.37,350,5,3,2774.53,2.4,Pass,2022-02-01
Product C,PRODC-302,224,235,6775.44,293,2,3,3680.33,1.08,Pass,2022-08-07
Product A,PRODA-103,84,87,4852.69,571,5,2,3236.51,2.02,Pass,2022-01-30
Product D,PRODD-401,117,117,3893.57,583,4,3,2935.03,1.69,Pass,2022-01-02
Product B,PRODB-203,119,122,6426.01,272,5,4,3813.96,2.98,Pass,2022-02-01
Product C,PRODC-303,499,490,5296.51,438,7,3,2803.08,1.48,Pass,2021-10-08
Product A,PRODA-103,122,121,3983.1,202,6,1,3011.06,3.47,Pass,2021-09-26
Product C,PRODC-303,268,278,5968.71,309,4,6,3918.57,1.3,Pass,2021-12-29
Product B,PRODB-201,104,108,4136.25,573,6,6,2110.96,0.56,Pass,2022-01-20
Product A,PRODA-101,407,403,7057.27,338,8,1,1309.78,0.66,Pass,2022-02-22
Product B,PRODB-201,418,413,7051.73,453,5,3,2461.75,1.57,Pass,2021-09-07
Product A,PRODA-103,250,241,2911.71,265,9,2,3443.66,2.1,Pass,2021-10-21
Product D,PRODD-401,291,337,4019.04,585,9,2,2770.35,1.39,Pass,2021-12-22
Product D,PRODD-403,389,418,6195.62,486,8,4,3299.67,2.66,Pass,2022-03-27
Product C,PRODC-303,390,383,5992.4,246,2,1,1966.89,2.17,Pass,2022-02-20
Product B,PRODB-203,213,219,7460.63,275,4,5,2238.29,2.79,Pass,2021-09-12
Product C,PRODC-301,109,110,4639.2,224,2,3,3878.72,2.28,Pass,2022-01-18
Product C,PRODC-301,280,274,7026.87,334,8,5,3596.29,1.39,Pass,2022-07-15
Product C,PRODC-303,435,419,6791.46,302,9,2,1353.58,3.37,Pass,2022-06-21
Product B,PRODB-201,120,120,6025.57,472,8,5,3785.57,2.27,Pass,2022-01-20
Product C,PRODC-302,177,182,7004.82,125,5,6,3471.17,1.73,Fail,2021-10-22
Product A,PRODA-101,379,377,2875.11,459,8,6,3330.3,2.38,Pass,2022-03-20
Product B,PRODB-201,293,333,2955.33,569,3,1,2983.91,3.23,Pass,2021-12-07
Product C,PRODC-301,430,445,6855.94,349,9,5,3672.57,1.27,Fail,2021-10-07
Product C,PRODC-301,295,295,2532.48,169,9,4,3886.87,2.46,Pass,2022-04-02
Product B,PRODB-202,391,410,5275.41,542,6,5,3047.48,3.04,Pass,2022-03-01
Product C,PRODC-303,248,242,4597.7,592,9,1,3835.35,1.14,Pass,2021-10-11
Product D,PRODD-403,424,445,7462.95,246,4,2,3533.28,2.21,Pass,2022-02-27
Product D,PRODD-403,313,343,6662.64,457,3,1,3646.14,1.83,Pass,2021-11-10
Product D,PRODD-402,327,297,2848.79,102,8,1,1645.07,1.11,Pass,2021-10-13
Product D,PRODD-403,171,176,3441.0,533,2,1,3863.04,1.24,Pass,2022-08-08
Product B,PRODB-202,343,363,2856.03,335,5,6,1115.85,0.88,Pass,2022-07-01
Product C,PRODC-301,324,317,3164.99,115,3,3,1497.25,3.45,Pass,2021-11-08
Product C,PRODC-303,445,452,5190.4,567,3,3,3249.26,0.91,Pass,2021-10-26
Product B,PRODB-202,285,287,4328.86,161,7,2,1693.27,2.03,Pass,2022-01-01
Product D,PRODD-402,490,519,4778.68,368,5,1,1075.05,2.31,Pass,2022-08-11
Product A,PRODA-103,348,347,3623.75,92,7,3,3331.48,1.19,Pass,2022-04-09
Product D,PRODD-403,277,320,6885.77,438,9,1,2546.49,1.28,Pass,2022-03-21
Product B,PRODB-201,480,447,6252.62,352,7,5,2223.58,2.62,Pass,2022-01-25
Product D,PRODD-403,160,168,5437.81,456,7,2,1674.44,3.5,Pass,2022-06-20
Product C,PRODC-303,429,443,6531.78,379,3,6,3877.13,2.01,Fail,2022-03-22
Product A,PRODA-102,377,366,5662.97,152,5,3,3148.38,1.53,Pass,2021-10-31
Product D,PRODD-401,247,243,4204.38,397,7,4,3290.94,0.79,Pass,2021-11-09
Product D,PRODD-403,217,213,5476.0,326,3,4,1497.98,1.4,Pass,2022-07-05
Product A,PRODA-103,360,366,6948.68,196,9,4,2999.41,0.9,Pass,2021-09-20
Product B,PRODB-201,159,176,5775.86,531,2,3,1552.75,0.82,Fail,2022-01-05
Product A,PRODA-103,82,82,6483.28,344,8,6,2194.63,2.82,Pass,2022-08-26
Product A,PRODA-102,320,324,3957.88,301,7,4,1396.99,2.53,Pass,2022-06-30
Product B,PRODB-203,129,138,3022.36,340,9,5,2670.4,2.63,Pass,2021-11-18
Product C,PRODC-302,241,241,4801.69,283,2,1,2297.34,2.95,Pass,2021-11-17
Product D,PRODD-402,137,125,6667.7,562,7,6,3796.49,1.62,Pass,2022-06-21
Product D,PRODD-403,251,272,6279.59,199,5,1,3457.69,0.74,Pass,2022-02-05
Product B,PRODB-202,325,382,4013.74,409,9,2,1383.56,1.44,Pass,2022-02-16
Product B,PRODB-203,259,232,5781.2,565,5,5,1481.12,2.44,Fail,2022-07-28
Product C,PRODC-303,92,88,6950.58,545,4,4,2606.84,0.68,Pass,2022-01-20
Product C,PRODC-302,237,242,5892.66,110,5,5,2243.34,0.82,Fail,2021-12-06
Product B,PRODB-203,450,470,4604.22,172,8,2,3713.28,1.09,Pass,2021-10-15
Product B,PRODB-201,445,398,4118.84,449,4,1,3847.51,2.98,Pass,2021-12-31
Product C,PRODC-303,410,390,5234.58,291,5,1,3624.8,3.08,Pass,2021-10-12
Product B,PRODB-202,307,292,5805.0,322,6,4,3691.14,3.28,Pass,2022-06-15
Product B,PRODB-202,245,228,4453.59,546,2,4,3220.45,1.84,Fail,2022-07-05
Product D,PRODD-402,499,527,5963.07,329,7,4,1392.18,2.21,Pass,2022-07-23
Product A,PRODA-103,426,416,5481.93,450,8,5,1771.53,2.19,Pass,2021-12-01
Product A,PRODA-102,482,488,4073.93,414,3,3,3609.07,2.53,Fail,2021-12-16
Product D,PRODD-402,428,417,4831.51,326,7,4,1580.43,3.18,Pass,2022-01-29
Product B,PRODB-203,211,224,7034.36,331,4,5,1101.91,3.03,Pass,2021-12-06
Product B,PRODB-203,226,206,2578.36,91,7,5,3835.57,2.33,Pass,2022-04-24
Product C,PRODC-302,266,266,6935.84,591,8,5,3137.18,1.61,Pass,2022-08-30
Product A,PRODA-101,453,440,2615.43,556,9,1,3597.53,0.9,Pass,2022-02-11
Product A,PRODA-103,84,83,4361.4,224,8,1,1815.9,2.66,Pass,2021-09-15
Product B,PRODB-202,232,229,3622.36,356,5,4,2104.79,0.64,Pass,2022-06-17
Product D,PRODD-403,344,327,6216.5,498,6,6,2519.11,1.64,Pass,2022-05-17
Product B,PRODB-203,491,514,6208.3,332,7,6,1634.2,2.11,Fail,2021-12-19
Product D,PRODD-401,269,298,2798.55,147,7,4,1138.14,1.56,Fail,2022-03-26
Product A,PRODA-103,466,434,6803.63,219,2,4,3629.82,3.28,Pass,2021-12-18
Product A,PRODA-101,446,464,4341.35,139,4,5,3666.65,2.42,Pass,2021-11-15
Product B,PRODB-202,469,499,6212.1,505,7,6,2689.59,0.99,Pass,2021-11-29
Product D,PRODD-402,166,162,6335.06,230,5,1,1613.37,0.75,Pass,2022-07-02
Product B,PRODB-201,251,244,6197.62,126,3,3,3496.12,1.43,Fail,2022-04-30
Product A,PRODA-101,243,245,3760.98,189,5,3,3285.42,1.49,Pass,2022-08-03
Product A,PRODA-103,191,185,5612.43,262,8,4,3080.4,3.32,Pass,2022-08-17
Product C,PRODC-302,223,238,5710.65,318,7,3,1598.32,2.4,Pass,2022-08-12
Product D,PRODD-403,446,483,5928.52,525,5,4,2864.89,0.88,Pass,2022-04-16
Product A,PRODA-103,340,341,4940.3,419,5,5,3458.44,2.78,Fail,2021-11-08
Product C,PRODC-302,170,167,7057.58,389,6,4,3131.16,2.48,Pass,2022-01-29
Product A,PRODA-103,192,190,4661.14,228,3,6,2323.86,0.7,Pass,2021-11-29
Product C,PRODC-302,235,221,6013.14,482,7,5,2909.41,1.68,Pass,2022-04-19
Product A,PRODA-103,380,363,3433.73,346,7,2,3012.88,0.56,Pass,2022-01-15
Product D,PRODD-403,284,280,4255.72,125,7,6,2661.32,2.65,Pass,2022-05-06
Product C,PRODC-303,462,489,7262.26,80,2,3,3687.4,1.32,Pass,2022-06-02
Product D,PRODD-403,493,519,5871.0,517,9,6,2598.67,2.78,Pass,2022-05-05
Product C,PRODC-303,124,125,4681.38,370,8,4,3450.24,2.78,Pass,2022-07-04
Product B,PRODB-202,268,264,7236.42,129,8,4,3121.36,2.26,Pass,2022-04-20
Product A,PRODA-103,417,420,2711.67,399,8,1,3502.83,1.43,Pass,2021-09-02
Product D,PRODD-402,111,96,3978.0,270,7,5,3407.36,2.71,Pass,2022-06-23
Product B,PRODB-203,183,193,6691.47,114,2,4,2364.88,1.57,Fail,2022-07-19
Product A,PRODA-102,110,110,4712.95,157,7,6,3479.2,1.29,Pass,2022-07-14
Product A,PRODA-101,235,237,5329.09,97,8,3,2210.57,1.7,Pass,2021-09-16
Product D,PRODD-403,291,261,4689.65,88,6,5,3588.02,1.68,Pass,2022-03-11
Product C,PRODC-303,170,170,6496.33,523,8,3,3766.28,2.75,Pass,2022-05-05
Product B,PRODB-202,211,202,3720.47,117,2,6,3944.13,1.55,Fail,2021-10-20
Product D,PRODD-402,473,536,6491.11,233,5,4,1818.03,1.07,Pass,2022-05-26
Product D,PRODD-402,123,104,4402.94,137,6,1,2444.31,0.63,Pass,2022-02-06
Product C,PRODC-303,145,140,2554.82,537,8,5,2836.24,2.86,Pass,2022-01-09
Product C,PRODC-301,188,196,2766.74,222,6,2,1575.63,2.24,Pass,2021-09-10
Product B,PRODB-202,403,396,2997.45,157,2,1,2247.75,1.42,Fail,2022-08-29
Product C,PRODC-302,347,371,3800.58,387,7,2,1238.85,2.28,Pass,2022-05-09
Product D,PRODD-401,308,316,4744.9,376,8,5,2393.21,2.95,Pass,2022-08-01
Product C,PRODC-302,483,477,7298.87,288,7,3,3688.09,1.74,Pass,2022-06-12
Product B,PRODB-203,118,113,5111.92,323,9,6,1302.08,1.77,Pass,2022-04-14
Product A,PRODA-103,451,430,4462.26,235,3,1,3050.01,1.29,Pass,2022-01-12
Product D,PRODD-403,195,207,3577.41,332,2,4,3108.9,1.05,Pass,2021-11-10
Product D,PRODD-402,92,95,4445.62,196,4,4,2208.2,1.53,Pass,2022-02-20
Product D,PRODD-401,388,433,5947.37,257,6,3,2638.07,2.14,Pass,2022-02-08
Product B,PRODB-202,357,365,4204.58,517,7,2,3650.1,0.98,Pass,2022-06-06
Product C,PRODC-303,81,83,7155.66,189,5,3,2126.95,0.92,Pass,2021-12-22
Product B,PRODB-203,380,413,6062.71,457,7,3,3515.01,2.17,Pass,2022-02-19
Product B,PRODB-202,87,87,6415.49,569,5,4,2519.12,2.28,Pass,2021-09-26
Product A,PRODA-103,265,246,4619.5,287,6,3,1365.3,3.1,Pass,2022-03-02
Product C,PRODC-301,124,119,4819.17,472,8,5,3582.79,2.96,Pass,2021-12-20
Product A,PRODA-101,184,187,4660.12,339,4,5,2031.12,2.28,Pass,2021-10-17
Product A,PRODA-102,137,136,5102.64,288,9,3,1859.98,2.84,Pass,2021-10-22
Product B,PRODB-202,498,489,6972.69,430,6,3,2530.21,1.23,Pass,2022-06-19
Product C,PRODC-301,388,381,6998.8,350,2,5,3618.39,2.89,Pass,2022-04-29
Product B,PRODB-203,405,376,6682.37,186,4,2,3109.92,3.17,Pass,2022-05-01
Product B,PRODB-203,338,371,2938.67,469,5,2,1619.54,3.41,Pass,2022-04-04
Product C,PRODC-302,493,523,3966.78,240,8,1,1195.58,0.65,Pass,2022-01-16
Product C,PRODC-302,367,356,4820.35,491,9,2,1844.72,0.73,Pass,2022-03-17
Product A,PRODA-102,460,465,6340.43,111,9,6,2513.93,3.16,Pass,2021-11-13
Product C,PRODC-303,438,451,5131.99,552,5,2,3444.38,1.58,Pass,2021-11-18
Product D,PRODD-402,172,176,7251.42,345,4,5,3441.48,1.64,Pass,2022-07-13
Product C,PRODC-302,380,393,2717.97,499,5,1,3064.34,0.56,Pass,2022-04-07
Product A,PRODA-101,224,216,3361.56,266,2,3,2602.31,1.15,Pass,2022-08-17
Product A,PRODA-102,163,156,3911.14,437,3,4,3187.8,1.49,Pass,2022-07-10
Product A,PRODA-101,411,410,7350.94,192,8,6,2670.87,2.48,Pass,2022-01-10
Product B,PRODB-203,176,175,5495.06,235,7,2,2226.53,1.12,Pass,2021-10-25
Product B,PRODB-202,196,186,3105.41,268,5,3,1179.78,0.56,Fail,2022-02-28
Product A,PRODA-103,366,356,5309.25,341,4,2,2490.03,1.72,Pass,2022-06-01
Product A,PRODA-103,339,344,6666.96,336,9,1,1486.82,3.18,Pass,2022-07-02
Product D,PRODD-401,367,354,6183.75,534,2,1,3602.93,1.5,Pass,2021-11-05
Product A,PRODA-101,358,359,3743.46,224,3,4,3679.09,3.37,Pass,2022-08-02
Product C,PRODC-302,113,109,3606.11,318,3,6,1382.26,2.14,Pass,2022-08-30
Product C,PRODC-302,92,98,6140.52,308,9,4,3610.32,2.24,Pass,2022-08-30
Product A,PRODA-101,320,324,2528.26,93,4,3,2410.75,3.12,Pass,2021-12-15
Product B,PRODB-202,460,426,4318.14,550,7,5,3984.44,0.84,Pass,2022-06-12
Product D,PRODD-403,451,434,7334.76,358,8,6,1581.78,0.99,Pass,2022-07-19
Product A,PRODA-101,292,295,2962.11,387,7,3,2309.05,2.87,Pass,2022-02-12
Product C,PRODC-302,317,334,3323.71,137,7,2,2385.42,3.5,Pass,2022-08-16
Product B,PRODB-203,86,92,3805.63,153,9,1,3660.2,2.51,Fail,2022-06-23
Product C,PRODC-303,434,441,7349.46,398,9,5,3272.97,2.19,Pass,2022-02-15
Product B,PRODB-203,149,156,6639.67,529,7,5,2753.83,3.47,Pass,2022-04-04
Product C,PRODC-301,177,168,6007.45,227,9,3,2422.48,1.9,Pass,2022-06-06
Product D,PRODD-403,464,448,3192.21,265,2,4,1018.25,1.91,Pass,2021-09-09
Product C,PRODC-301,368,376,7293.77,581,3,2,2799.11,1.55,Pass,2022-01-31
Product C,PRODC-301,352,349,4903.1,570,5,2,3075.64,2.49,Pass,2022-01-03
Product D,PRODD-402,374,315,7286.58,354,5,4,2433.63,1.79,Pass,2022-03-23
Product A,PRODA-101,154,156,6615.14,166,6,1,1530.4,0.81,Pass,2021-10-19
Product B,PRODB-203,471,457,5468.07,353,4,1,2696.69,0.73,Pass,2022-01-04
Product C,PRODC-301,435,466,6951.99,367,4,1,1783.86,2.75,Pass,2022-08-27
Product D,PRODD-403,284,289,4136.57,549,3,5,1059.2,0.85,Pass,2021-09-03
Product D,PRODD-402,468,480,4300.66,539,4,5,3541.47,1.43,Pass,2022-03-11
Product A,PRODA-103,187,185,3000.16,256,6,2,1738.3,2.54,Pass,2021-09-25
Product D,PRODD-403,474,381,2641.62,163,6,5,1825.12,0.93,Pass,2022-06-03
Product C,PRODC-302,420,398,4645.49,550,7,3,1525.67,2.82,Fail,2022-01-11
Product C,PRODC-301,94,93,7192.94,235,7,4,1240.1,1.23,Pass,2022-03-14
Product D,PRODD-401,318,342,7021.88,323,6,3,1345.87,3.28,Pass,2022-02-01
Product B,PRODB-201,80,77,6683.55,585,3,6,1986.99,2.62,Pass,2022-08-15
Product D,PRODD-403,213,217,2802.23,587,3,3,3087.67,1.26,Fail,2021-09-15
Product A,PRODA-103,106,108,5286.1,273,8,2,2927.74,1.87,Pass,2022-03-25
Product C,PRODC-302,495,487,6153.36,416,9,3,3425.38,0.98,Pass,2022-06-01
Product C,PRODC-303,269,277,5049.37,523,2,4,1371.64,2.19,Fail,2021-11-12
Product C,PRODC-303,448,462,4641.71,594,3,6,2910.87,3.42,Pass,2022-08-08
Product C,PRODC-303,344,357,3446.78,439,2,5,3292.66,2.24,Pass,2021-12-28
Product B,PRODB-202,103,101,2871.65,588,5,3,1209.02,1.82,Pass,2021-10-15
Product A,PRODA-102,341,335,6202.59,276,2,3,3619.11,2.73,Pass,2022-06-04
Product B,PRODB-202,336,359,3064.35,523,3,4,3549.03,1.81,Fail,2022-03-31
Product B,PRODB-203,179,188,7478.04,409,9,3,2273.68,3.01,Pass,2021-11-14
Product B,PRODB-201,269,259,3271.32,545,4,4,1808.07,3.47,Pass,2021-10-26
Product B,PRODB-202,101,95,3067.77,117,4,3,3288.57,2.32,Pass,2021-11-06
Product A,PRODA-101,441,431,7304.28,484,2,3,2945.49,0.58,Pass,2021-09-17
Product A,PRODA-102,192,196,2864.59,362,9,1,1972.08,2.06,Pass,2022-08-08
Product B,PRODB-202,449,445,5640.91,210,7,4,3409.28,2.34,Pass,2022-05-04
Product A,PRODA-101,373,360,6897.09,589,9,1,2993.13,2.54,Pass,2021-10-25
Product C,PRODC-301,471,446,5268.23,164,7,6,2649.97,1.74,Pass,2022-06-02
Product A,PRODA-101,422,424,4668.92,406,2,2,1769.56,0.66,Fail,2021-09-04
Product B,PRODB-201,494,569,4897.65,297,4,1,1526.87,2.48,Fail,2021-11-20
Product C,PRODC-303,216,201,3662.97,86,7,2,3974.79,3.45,Pass,2021-10-31
Product B,PRODB-202,201,214,5912.4,592,7,1,1992.89,1.01,Pass,2022-03-09
Product D,PRODD-403,96,76,2911.76,424,7,1,2844.8,3.43,Pass,2022-08-11
Product A,PRODA-103,395,393,5525.71,381,7,5,2001.14,3.48,Pass,2021-09-16
Product B,PRODB-201,440,471,6380.7,303,2,6,1943.64,2.18,Pass,2022-04-05
Product D,PRODD-401,153,163,4683.89,579,5,5,2114.25,0.62,Pass,2022-07-19
Product A,PRODA-102,165,166,7303.7,186,7,6,3222.43,2.3,Pass,2022-04-03
Product D,PRODD-403,465,450,7449.34,579,7,4,1875.47,2.8,Pass,2022-03-04
Product B,PRODB-202,189,189,4551.69,175,3,2,1769.26,3.17,Pass,2022-06-01
Product C,PRODC-303,411,408,4414.58,231,4,6,2033.51,2.38,Fail,2022-08-20
Product C,PRODC-301,431,440,5572.41,185,8,6,3571.6,1.63,Pass,2021-11-06
Product C,PRODC-301,153,148,2541.52,542,3,1,3898.29,3.16,Pass,2022-08-09
Product D,PRODD-402,98,102,7428.17,417,7,4,1534.7,2.57,Pass,2022-05-06
Product C,PRODC-302,98,93,3250.77,103,6,3,3836.1,3.09,Pass,2022-02-07
Product C,PRODC-301,248,247,5235.31,81,4,6,3320.91,0.94,Pass,2022-04-10
Product C,PRODC-301,483,487,5665.53,206,2,4,1457.96,2.99,Pass,2022-07-16
Product D,PRODD-403,356,313,7176.98,553,7,4,3144.06,2.08,Fail,2021-10-09
Product B,PRODB-202,200,203,5003.78,341,3,1,1047.32,2.97,Pass,2022-07-25
Product A,PRODA-102,130,131,6856.36,271,6,4,2800.37,0.97,Pass,2022-06-17
Product D,PRODD-401,288,301,5140.29,394,3,2,3996.1,0.72,Pass,2021-11-08
Product C,PRODC-303,118,117,7360.21,161,2,3,1003.94,3.06,Pass,2022-01-24
Product A,PRODA-101,136,137,6004.85,596,2,5,1795.27,2.21,Pass,2022-04-03
Product B,PRODB-202,346,322,2815.08,510,5,4,1995.07,1.04,Pass,2021-11-05
Product D,PRODD-402,467,492,7066.23,288,8,1,1018.26,2.02,Fail,2021-12-28
Product D,PRODD-402,99,102,2577.08,268,3,3,1449.02,1.18,Pass,2022-04-30
Product B,PRODB-203,172,176,3361.09,202,9,6,3344.38,1.8,Pass,2021-09-01
Product C,PRODC-303,499,494,3560.81,140,6,2,3033.28,2.14,Pass,2022-01-01
Product C,PRODC-302,271,287,4774.55,310,7,2,1659.25,0.69,Pass,2021-10-25
Product B,PRODB-203,105,110,6521.98,269,3,2,1402.72,0.72,Fail,2022-08-06
Product A,PRODA-101,477,469,6327.49,506,4,6,1049.62,1.06,Pass,2021-09-16
Product C,PRODC-302,245,248,4106.76,328,4,5,2081.24,3.47,Pass,2022-08-02
Product B,PRODB-201,262,257,5666.52,396,8,6,2944.5,1.71,Pass,2022-02-19
Product C,PRODC-303,429,411,4154.33,532,2,5,1161.09,1.44,Pass,2021-11-24
Product A,PRODA-101,439,431,6105.68,414,5,4,3667.68,2.5,Pass,2022-06-15
Product B,PRODB-202,361,366,5899.36,99,8,4,1403.37,1.37,Pass,2021-09-26
Product B,PRODB-202,474,449,5406.18,460,4,3,2758.05,2.84,Pass,2022-07-18
Product C,PRODC-303,235,241,3925.8,448,8,6,1390.57,3.4,Pass,2021-11-11
Product C,PRODC-303,236,239,4224.45,234,9,3,1287.3,0.98,Pass,2022-05-13
Product D,PRODD-402,338,345,5921.93,466,9,5,3150.51,3.14,Pass,2022-02-01
Product B,PRODB-202,161,155,2657.29,191,7,4,2948.58,1.9,Pass,2021-09-04
Product D,PRODD-402,88,107,6977.6,221,7,4,1455.98,1.02,Pass,2021-11-25
Product A,PRODA-102,448,436,5746.21,325,2,4,2729.32,3.12,Pass,2022-05-23
Product D,PRODD-403,371,331,4293.81,592,6,1,1236.55,1.36,Pass,2021-12-05
Product A,PRODA-103,315,309,3324.28,302,2,5,1852.96,2.64,Pass,2021-10-12
Product B,PRODB-201,93,87,3328.1,545,6,2,2183.81,1.04,Pass,2022-02-08
Product D,PRODD-403,225,185,3667.9,168,6,2,1742.03,1.7,Pass,2022-02-14
Product D,PRODD-401,303,326,3037.49,122,2,5,1963.77,0.81,Pass,2022-01-06
Product C,PRODC-302,436,437,6816.52,189,9,5,1501.12,1.17,Pass,2021-11-10
Product C,PRODC-301,213,220,5698.08,189,8,4,3149.47,1.18,Fail,2022-05-10
Product A,PRODA-101,113,113,3092.01,478,7,5,3507.85,3.31,Pass,2022-05-07
Product D,PRODD-403,185,200,3204.43,122,3,3,3391.78,1.87,Pass,2021-11-09
Product C,PRODC-302,470,487,5809.45,494,6,2,3747.85,2.84,Pass,2022-08-12
Product D,PRODD-401,120,120,6171.87,401,9,3,2174.01,2.18,Pass,2021-12-14
Product C,PRODC-302,139,136,5350.63,583,6,3,1250.42,0.52,Pass,2022-06-16
Product B,PRODB-201,224,239,2973.85,414,8,1,1411.2,1.02,Pass,2022-04-16
Product A,PRODA-101,387,415,5849.17,364,9,2,1976.17,0.95,Pass,2022-04-09
Product A,PRODA-101,303,305,5638.15,208,8,1,1484.76,2.97,Pass,2021-09-03
Product A,PRODA-102,245,255,4214.6,556,3,2,1534.82,3.27,Pass,2022-04-01
Product D,PRODD-402,325,334,6495.05,130,8,6,2290.35,2.57,Pass,2022-08-31
Product A,PRODA-102,196,188,5503.34,476,4,3,3022.08,1.8,Pass,2021-09-17
Product A,PRODA-102,180,177,5463.86,108,7,3,2443.93,2.29,Pass,2021-12-23
Product C,PRODC-303,243,247,2777.45,372,4,4,1535.82,3.45,Pass,2021-09-06
Product C,PRODC-302,453,431,3957.2,478,5,6,3293.69,0.57,Pass,2022-01-29
Product D,PRODD-401,197,207,5626.78,146,5,3,3064.33,3.38,Pass,2021-11-13
Product A,PRODA-103,152,154,3269.25,238,3,4,2549.96,1.18,Pass,2021-12-01
Product A,PRODA-103,186,186,4171.08,437,8,3,1351.82,2.46,Pass,2021-10-31
Product D,PRODD-401,388,370,6765.56,215,6,5,1536.12,2.25,Pass,2021-09-27
Product A,PRODA-101,176,178,3356.45,555,5,3,2305.04,2.37,Pass,2022-01-21
Product B,PRODB-202,415,434,5264.88,107,2,2,1215.66,1.3,Pass,2021-11-27
Product B,PRODB-203,160,166,5799.62,537,3,4,3935.37,1.63,Pass,2022-02-25
Product A,PRODA-103,286,277,3483.0,281,9,1,3591.6,2.29,Pass,2021-12-30
Product B,PRODB-202,259,239,5263.74,155,2,2,2206.82,2.79,Pass,2022-04-07
Product D,PRODD-403,226,242,5906.28,581,6,6,3754.33,1.25,Pass,2021-10-16
Product C,PRODC-303,426,427,4124.96,168,7,4,2015.44,2.47,Pass,2021-10-29
Product A,PRODA-102,460,463,6485.38,181,5,4,1930.07,2.08,Pass,2021-11-16
Product D,PRODD-403,284,300,4721.91,309,9,5,1935.67,1.83,Pass,2021-11-18
Product D,PRODD-401,377,422,4762.17,372,3,4,1182.31,1.21,Pass,2021-09-03
Product B,PRODB-201,190,219,7227.77,556,7,4,2898.8,2.66,Pass,2022-06-04
Product A,PRODA-103,192,188,5057.43,389,4,6,2031.88,3.22,Fail,2022-07-10
Product C,PRODC-303,281,287,5216.05,325,7,6,1330.83,1.65,Fail,2022-01-30
Product B,PRODB-201,393,399,5686.52,595,7,5,1108.46,1.46,Pass,2022-04-19
Product D,PRODD-402,142,124,3732.58,372,7,2,3239.58,2.18,Pass,2022-01-17
Product B,PRODB-203,123,127,3062.77,208,9,6,1898.24,1.47,Pass,2022-08-21
Product D,PRODD-401,387,374,6131.79,112,5,3,2923.36,3.36,Pass,2021-11-15
Product C,PRODC-301,350,347,5793.62,105,6,3,1987.82,0.92,Pass,2022-08-30
Product C,PRODC-303,202,204,6604.27,270,6,4,3122.39,3.42,Pass,2022-05-29
Product C,PRODC-302,250,251,3843.73,584,2,2,2632.71,3.35,Pass,2021-10-04
Product B,PRODB-202,274,233,6696.85,387,8,4,1573.84,3.07,Pass,2022-07-31
Product D,PRODD-401,330,305,6290.38,486,5,6,2068.27,1.01,Pass,2022-02-20
Product A,PRODA-102,440,437,3572.7,447,9,5,2384.98,1.11,Pass,2022-03-26
Product A,PRODA-101,249,245,4896.38,217,6,4,1992.73,2.13,Fail,2021-12-08
Product C,PRODC-303,406,402,2716.98,408,8,1,2085.4,1.01,Pass,2022-01-30
Product C,PRODC-303,100,96,5567.29,209,6,1,3985.16,3.31,Pass,2021-12-16
Product A,PRODA-103,220,223,3909.13,278,9,6,3090.05,2.12,Pass,2022-05-08
Product A,PRODA-103,383,375,2726.15,96,8,6,1724.39,0.69,Pass,2022-05-06
Product B,PRODB-203,403,425,6016.9,86,4,2,2632.75,2.91,Pass,2022-03-05
Product C,PRODC-302,171,180,5801.77,194,6,1,1658.1,2.7,Pass,2022-06-02
Product C,PRODC-301,404,435,4852.71,397,7,1,1334.81,1.06,Pass,2022-04-09
Product B,PRODB-202,256,246,5344.09,144,2,4,3898.96,0.96,Pass,2022-03-28
Product C,PRODC-301,192,191,2997.74,297,8,3,2884.25,3.02,Pass,2022-05-27
Product D,PRODD-402,106,101,7132.5,85,3,2,1629.28,1.1,Fail,2022-05-29
Product A,PRODA-101,279,276,3092.87,235,9,3,1832.84,2.21,Pass,2022-01-29
Product D,PRODD-402,388,436,2623.32,249,3,1,1815.79,1.65,Pass,2022-02-24
Product A,PRODA-101,381,379,3241.41,96,3,5,3022.71,1.51,Pass,2021-11-20
Product B,PRODB-203,470,457,4193.2,446,3,6,3689.53,3.01,Pass,2022-05-23
Product D,PRODD-402,482,563,3473.17,305,2,4,2743.56,3.38,Pass,2022-06-12
Product B,PRODB-202,365,409,7346.86,167,8,2,3550.58,3.3,Pass,2022-01-02
Product A,PRODA-102,364,356,3372.23,425,5,5,3370.5,2.91,Pass,2022-06-07
Product C,PRODC-303,272,274,3071.24,463,8,2,1187.28,2.46,Fail,2022-07-08
Product C,PRODC-302,100,94,5350.52,232,9,6,2609.29,3.01,Pass,2022-06-29
Product D,PRODD-402,300,301,4028.8,292,9,5,2909.03,2.0,Pass,2022-01-15
Product C,PRODC-301,124,128,6160.49,168,3,5,2042.57,1.49,Pass,2022-05-09
Product A,PRODA-103,385,384,5897.54,567,3,1,1550.25,3.18,Fail,2021-12-21
Product A,PRODA-101,249,257,4030.74,177,4,1,1133.04,1.43,Pass,2022-08-26
Product C,PRODC-301,98,95,4320.31,237,3,5,3802.18,3.06,Pass,2022-05-29
Product A,PRODA-102,483,475,3653.84,175,3,3,2436.06,1.72,Pass,2022-03-31
Product D,PRODD-401,103,106,6562.01,508,8,5,2611.62,2.86,Pass,2022-02-24
Product D,PRODD-402,94,92,6529.91,358,3,6,2903.36,2.79,Pass,2021-09-18
Product D,PRODD-402,409,342,4043.04,387,5,2,2880.75,1.02,Pass,2021-11-26
Product C,PRODC-302,240,221,7190.14,472,3,1,2443.2,0.64,Pass,2022-08-01
Product C,PRODC-303,107,105,3832.75,584,3,1,3648.44,1.05,Pass,2022-06-09
Product B,PRODB-201,176,152,3204.06,341,6,2,3178.86,2.03,Pass,2022-02-16
Product C,PRODC-301,254,263,3883.9,138,4,2,3390.73,1.54,Pass,2021-09-15
Product B,PRODB-201,217,204,3039.53,548,7,6,3879.78,1.51,Pass,2022-03-09
Product A,PRODA-101,114,112,4385.18,111,9,5,3453.47,1.87,Pass,2021-10-14
Product D,PRODD-403,107,114,3768.47,570,9,5,2262.05,3.0,Pass,2022-02-07
Product D,PRODD-401,471,532,5788.89,96,3,2,2336.86,0.66,Pass,2022-02-21
Product C,PRODC-301,494,481,3752.72,182,3,1,1080.31,0.78,Pass,2021-09-06
Product B,PRODB-203,317,301,6404.67,557,8,6,1723.1,1.99,Fail,2022-04-17
Product B,PRODB-203,376,381,4727.17,472,5,1,2212.99,2.85,Pass,2022-01-06
Product C,PRODC-302,263,253,2779.9,145,3,6,3389.04,1.5,Pass,2022-03-29
Product D,PRODD-403,170,178,6237.87,296,8,3,2400.97,3.28,Pass,2021-11-03
Product D,PRODD-403,159,151,6787.07,536,8,4,1366.76,3.12,Pass,2021-09-19
Product D,PRODD-402,220,212,4611.64,168,5,2,3952.42,1.06,Pass,2021-12-16
Product C,PRODC-301,293,295,6933.11,259,6,1,3578.08,0.8,Pass,2022-01-23
Product D,PRODD-402,304,322,3582.22,362,8,5,1566.74,2.78,Pass,2022-03-21
Product D,PRODD-401,420,383,4919.52,545,8,4,3819.45,1.69,Pass,2022-06-10
Product C,PRODC-303,223,232,5189.19,330,9,3,3985.52,1.7,Pass,2022-08-15
Product C,PRODC-302,417,416,4526.35,376,2,3,1085.78,3.23,Pass,2022-06-13
Product C,PRODC-303,272,274,4784.47,197,7,3,2818.03,1.58,Pass,2022-08-15
Product B,PRODB-201,471,442,2592.17,222,6,5,3051.19,1.19,Pass,2022-01-22
Product D,PRODD-401,322,218,4130.35,347,5,5,3240.16,0.83,Pass,2022-07-13
Product D,PRODD-402,312,343,6447.28,119,9,4,3994.91,1.04,Pass,2021-09-21
Product C,PRODC-303,275,277,6739.62,526,9,2,1794.08,1.17,Pass,2022-08-01
Product B,PRODB-203,314,291,4276.58,415,4,2,3024.04,3.4,Pass,2022-02-12
Product B,PRODB-201,444,432,5456.86,108,5,5,2145.06,1.46,Pass,2021-09-07
Product A,PRODA-102,188,201,3772.1,588,6,5,1492.12,0.58,Pass,2022-02-19
Product B,PRODB-202,425,461,4366.31,572,7,1,3655.9,1.95,Pass,2022-06-17
Product C,PRODC-303,348,341,5366.11,190,9,2,3589.39,1.85,Pass,2021-10-17
Product B,PRODB-202,185,191,4863.07,461,2,5,1679.39,0.89,Fail,2022-03-16
Product D,PRODD-401,474,310,3050.11,542,8,6,3931.44,2.89,Pass,2022-04-26
Product C,PRODC-302,188,187,4057.48,138,7,3,3361.17,1.44,Pass,2021-10-28
Product A,PRODA-101,127,123,5053.35,559,8,5,3422.98,1.06,Pass,2021-11-27
Product A,PRODA-101,381,378,7282.64,242,2,6,1407.84,1.77,Pass,2022-02-05
Product D,PRODD-402,497,510,5900.28,342,3,6,3978.44,2.54,Pass,2022-08-18
Product C,PRODC-302,177,187,3884.51,578,7,1,1954.62,0.94,Fail,2022-03-07
Product A,PRODA-103,479,495,6372.52,568,3,1,2127.18,1.35,Pass,2022-04-20
Product D,PRODD-402,404,403,6039.82,83,3,2,1770.21,1.22,Pass,2022-03-24
Product A,PRODA-103,352,343,3612.65,168,6,3,3224.83,2.58,Pass,2022-04-24
Product A,PRODA-101,401,392,3126.34,491,6,2,1787.53,2.74,Fail,2022-06-17
Product C,PRODC-301,104,97,6948.79,447,4,6,1369.77,2.92,Pass,2021-11-22
Product B,PRODB-201,479,522,4059.89,265,5,4,2465.01,2.46,Pass,2021-09-09
Product D,PRODD-401,223,258,3707.71,459,4,6,1561.96,3.17,Pass,2021-10-01
Product A,PRODA-103,248,238,7464.52,128,2,2,1346.84,0.81,Pass,2021-11-27
Product A,PRODA-103,395,392,6136.32,276,3,5,1406.38,2.97,Fail,2022-02-12
Product C,PRODC-303,409,408,4557.61,586,2,1,1631.81,1.35,Pass,2022-06-02
Product C,PRODC-301,270,262,5002.12,585,3,3,2854.13,1.88,Pass,2022-01-21
Product A,PRODA-101,325,315,6911.06,442,6,5,1603.23,3.22,Pass,2022-04-02
Product C,PRODC-303,123,133,6430.0,441,7,4,2368.2,0.62,Pass,2022-05-28
Product B,PRODB-201,448,451,5916.8,104,9,4,2658.84,2.59,Pass,2021-12-21
Product B,PRODB-202,126,140,6009.55,311,4,2,2548.99,2.57,Pass,2021-11-04
Product B,PRODB-203,252,255,5401.09,306,2,5,3275.23,1.5,Pass,2021-10-23
Product D,PRODD-403,319,310,6229.61,588,3,6,1554.84,0.62,Pass,2022-06-11
Product C,PRODC-302,93,90,4290.43,351,2,2,3940.97,2.35,Pass,2022-04-23
Product D,PRODD-401,179,198,3253.66,474,2,5,2955.59,2.73,Pass,2021-11-10
Product D,PRODD-402,451,441,6993.47,314,8,3,1260.23,0.85,Pass,2022-03-19
Product A,PRODA-102,120,118,4314.69,358,4,1,3350.41,3.42,Pass,2022-02-07
Product A,PRODA-102,275,283,5767.17,170,6,5,1080.96,3.2,Pass,2022-01-24
Product A,PRODA-103,489,508,2700.99,590,8,2,2190.25,0.81,Pass,2021-10-01
Product B,PRODB-203,214,194,2547.93,126,9,6,2979.18,2.23,Pass,2021-12-09
Product A,PRODA-103,274,280,4989.69,89,9,4,3731.41,2.01,Pass,2021-10-20
Product C,PRODC-302,176,175,7081.35,166,8,5,2502.09,3.44,Pass,2021-12-20
Product B,PRODB-201,332,316,3543.71,413,4,2,1447.79,2.96,Pass,2022-03-08
Product C,PRODC-303,245,253,5427.57,358,7,1,2390.43,2.32,Pass,2022-08-05
Product B,PRODB-202,265,252,5469.69,381,3,2,1404.62,0.58,Pass,2022-01-31
Product B,PRODB-203,152,135,3448.48,595,6,6,1575.1,3.23,Pass,2022-01-14
Product A,PRODA-101,327,334,3617.49,212,7,5,3467.61,1.72,Fail,2021-12-27
Product B,PRODB-202,139,154,5071.63,470,9,5,3640.87,3.39,Pass,2022-07-17
Product A,PRODA-102,431,417,4236.99,228,9,2,3416.42,1.49,Pass,2022-03-30
Product B,PRODB-202,144,146,6503.12,301,3,2,1750.62,2.67,Pass,2022-08-31
Product A,PRODA-102,432,412,3131.72,347,6,1,2304.84,1.72,Pass,2022-05-16
Product D,PRODD-402,210,221,6124.85,422,6,2,1748.06,2.95,Pass,2022-06-26
Product D,PRODD-401,499,496,3377.06,112,4,3,2938.03,1.57,Pass,2022-04-06
Product A,PRODA-101,350,343,5784.47,485,2,6,2244.49,1.8,Pass,2022-08-12
Product A,PRODA-102,415,410,3263.42,562,7,4,3115.57,2.11,Pass,2021-11-14
Product B,PRODB-202,287,275,5800.01,553,9,1,3779.6,0.53,Pass,2021-10-28
Product A,PRODA-103,467,478,6661.93,433,3,3,3100.48,2.52,Pass,2022-05-01
Product A,PRODA-102,160,158,4162.87,122,2,2,2047.25,0.9,Pass,2022-03-23
Product D,PRODD-403,134,128,5103.52,519,8,1,3986.7,2.31,Fail,2022-06-13
Product B,PRODB-202,182,178,4666.9,498,9,4,1888.46,2.38,Pass,2022-02-24
Product B,PRODB-202,115,121,5325.09,219,7,6,3435.83,2.94,Pass,2021-11-07
Product C,PRODC-302,258,267,7130.04,190,4,6,1241.33,0.97,Pass,2022-03-03
Product A,PRODA-101,202,206,5109.08,162,4,2,1026.32,0.51,Pass,2022-06-10
Product A,PRODA-101,366,341,3524.58,261,8,1,3927.68,3.32,Pass,2021-10-10
Product B,PRODB-201,246,249,6756.44,408,4,4,1120.73,2.76,Pass,2022-06-08
Product D,PRODD-402,306,310,6778.14,556,9,4,3451.38,3.25,Pass,2022-05-10
Product B,PRODB-202,455,451,6641.61,218,3,4,3156.44,1.18,Pass,2021-09-07
Product C,PRODC-301,258,250,4775.16,200,5,6,3311.31,2.96,Pass,2022-05-02
Product C,PRODC-302,330,351,3736.51,579,4,1,1418.4,2.21,Pass,2022-05-09
Product B,PRODB-203,220,224,6389.06,246,8,2,1547.8,0.72,Pass,2021-11-04
Product A,PRODA-103,129,126,5748.95,421,3,2,2427.39,2.46,Pass,2022-07-07
Product B,PRODB-203,304,313,5892.34,564,2,2,2314.1,2.83,Pass,2022-08-06
Product C,PRODC-302,153,153,5411.85,301,7,1,2232.53,1.61,Pass,2022-08-13
Product B,PRODB-201,443,438,3070.57,542,4,6,3356.26,1.87,Pass,2021-09-08
Product B,PRODB-203,157,163,5885.8,89,5,2,2270.57,1.06,Pass,2022-08-01
Product B,PRODB-203,254,268,3858.47,418,9,1,1778.15,2.25,Pass,2022-01-01
Product B,PRODB-203,280,291,6782.92,126,2,3,3967.77,2.81,Fail,2022-02-07
Product B,PRODB-201,175,187,2562.05,111,6,2,3355.0,1.86,Pass,2022-08-24
Product A,PRODA-103,247,242,6647.62,470,4,1,2935.25,1.6,Pass,2022-07-04
Product D,PRODD-403,331,316,5653.77,188,4,4,3780.14,0.59,Pass,2021-11-07
Product A,PRODA-101,144,145,3537.39,410,6,3,1121.5,2.34,Pass,2022-08-02
Product C,PRODC-303,475,490,3050.29,548,9,5,2884.84,2.7,Pass,2022-01-28
Product C,PRODC-302,214,214,5859.78,253,3,5,1549.69,0.53,Pass,2022-02-13
Product D,PRODD-401,311,331,7479.28,502,5,3,2885.4,0.63,Pass,2022-03-30
Product C,PRODC-303,321,336,6931.66,563,8,6,2376.37,1.32,Fail,2022-04-20
Product D,PRODD-403,354,338,7282.49,111,2,5,2915.93,1.01,Pass,2022-05-26
Product A,PRODA-102,212,214,6350.15,407,3,1,1730.06,0.62,Fail,2022-04-01
Product A,PRODA-103,236,233,7029.78,461,7,6,3667.29,3.48,Pass,2022-03-07
Product B,PRODB-203,241,237,6906.44,116,4,1,1119.8,3.01,Pass,2021-10-10
Product A,PRODA-102,267,260,6231.33,567,3,3,2850.19,1.46,Pass,2022-02-05
Product D,PRODD-403,97,92,4842.05,397,8,3,3970.26,1.47,Pass,2021-10-11
Product B,PRODB-202,259,259,4470.85,402,9,5,3815.01,0.54,Pass,2022-05-10
Product C,PRODC-302,260,265,5411.81,171,7,3,2356.42,2.07,Fail,2022-07-01
Product B,PRODB-203,176,146,5690.55,528,3,1,1718.39,3.1,Pass,2022-06-30
Product B,PRODB-203,221,238,4177.32,578,6,4,2798.92,2.2,Pass,2021-09-04
Product D,PRODD-401,369,366,6304.04,539,3,2,2221.28,2.0,Pass,2022-05-20
Product D,PRODD-401,231,225,4841.44,440,9,6,1561.1,1.54,Pass,2022-08-26
Product A,PRODA-102,445,446,6327.95,531,6,6,2024.81,1.8,Pass,2022-07-16
Product D,PRODD-401,476,467,3513.44,218,8,2,3971.2,3.14,Pass,2022-05-28
Product B,PRODB-201,428,422,3173.37,520,5,3,3984.26,2.96,Pass,2021-12-08
Product C,PRODC-302,484,461,3012.08,304,5,1,1267.05,1.32,Pass,2021-11-03
Product D,PRODD-403,277,268,7321.1,598,9,2,3523.93,2.53,Pass,2022-07-05
Product A,PRODA-103,490,486,5437.78,110,6,4,2331.28,1.48,Pass,2022-07-12
Product D,PRODD-401,256,273,4070.39,294,9,5,1945.77,2.04,Pass,2021-09-23
Product B,PRODB-202,186,195,2587.96,369,4,6,3360.97,1.5,Pass,2022-08-12
Product A,PRODA-102,238,233,3994.13,229,9,4,2427.38,3.01,Pass,2022-07-16
Product D,PRODD-403,327,268,7433.19,533,3,2,1510.75,1.11,Fail,2021-11-22
Product C,PRODC-302,353,346,6878.31,331,5,5,3375.2,1.01,Pass,2022-07-11
Product C,PRODC-302,259,269,5123.54,154,9,2,3368.14,1.0,Pass,2022-07-13
Product D,PRODD-403,465,453,7289.34,141,8,4,2972.48,1.08,Pass,2022-03-08
Product D,PRODD-403,342,361,7472.53,153,8,6,2108.82,1.56,Pass,2021-11-01
Product D,PRODD-401,282,249,3844.52,274,7,6,2907.85,2.85,Pass,2022-03-21
Product B,PRODB-202,191,186,7411.98,329,3,1,3746.55,3.06,Pass,2022-04-22
Product C,PRODC-302,173,181,5277.47,239,6,5,2719.86,0.95,Pass,2021-11-08
Product D,PRODD-403,453,437,6955.25,356,3,2,1743.19,3.07,Fail,2022-01-04
Product C,PRODC-303,143,148,7457.01,130,2,6,2475.06,3.12,Pass,2022-07-23
Product D,PRODD-402,396,455,2625.13,254,2,1,1115.3,2.2,Pass,2021-11-22
Product C,PRODC-303,220,226,5261.34,189,5,5,3605.4,1.92,Pass,2022-04-05
Product B,PRODB-201,107,115,7182.42,156,3,3,3868.68,3.14,Pass,2021-10-05
Product B,PRODB-201,411,433,6199.11,217,2,6,2611.02,1.43,Pass,2022-03-07
Product C,PRODC-303,109,111,3949.69,214,9,2,3191.68,3.4,Pass,2022-07-12
Product D,PRODD-402,412,394,2689.47,342,6,5,2029.53,2.53,Pass,2022-08-09
Product B,PRODB-201,246,242,6266.01,235,5,4,3473.85,2.95,Pass,2021-10-19
Product D,PRODD-402,419,442,4911.08,455,3,6,2890.56,2.91,Pass,2021-09-02
Product A,PRODA-103,86,90,4673.01,430,3,3,1524.51,1.52,Pass,2022-05-31
Product D,PRODD-403,447,419,4474.28,304,7,5,2093.5,3.47,Pass,2022-06-30
Product D,PRODD-403,200,218,3480.7,450,7,5,2512.11,2.55,Pass,2022-03-28
Product C,PRODC-302,316,326,3116.17,89,3,3,1128.51,2.53,Pass,2021-09-19
Product C,PRODC-303,288,268,6191.96,496,9,3,3467.17,1.74,Pass,2021-12-29
Product A,PRODA-101,232,224,3907.73,595,2,2,3669.14,1.81,Pass,2021-12-08
Product D,PRODD-403,111,107,2964.3,431,4,6,1205.8,2.11,Pass,2021-12-02
Product D,PRODD-402,475,568,3186.09,556,7,4,1570.26,2.46,Pass,2021-10-04
Product D,PRODD-401,275,286,3073.56,414,8,2,2815.01,1.68,Pass,2022-07-06
Product A,PRODA-101,264,253,5064.89,295,7,5,1197.04,1.25,Pass,2022-03-21
Product B,PRODB-202,154,154,5306.38,401,7,5,2955.86,3.24,Pass,2022-07-06
Product C,PRODC-303,390,374,3505.42,528,9,6,3651.39,3.26,Pass,2021-11-08
Product B,PRODB-203,284,275,4669.11,100,8,5,3617.23,1.5,Pass,2022-08-24
Product B,PRODB-202,459,456,5182.26,418,5,1,1475.17,2.01,Pass,2022-02-08
Product C,PRODC-302,228,232,6278.06,143,7,2,3662.97,2.41,Pass,2021-09-13
Product B,PRODB-201,318,312,4161.69,165,6,6,3971.42,1.62,Pass,2021-11-15
Product A,PRODA-103,308,309,5416.95,439,5,3,1594.24,2.14,Fail,2021-12-11
Product C,PRODC-302,283,293,6482.18,561,9,4,3587.56,1.09,Fail,2022-07-15
Product C,PRODC-303,157,147,5855.45,528,6,1,1202.66,1.01,Fail,2022-01-21
Product D,PRODD-401,103,106,5057.6,154,2,1,3065.19,1.32,Pass,2021-12-07
Product B,PRODB-202,341,300,3857.08,89,4,5,2936.33,3.34,Pass,2022-03-15
Product B,PRODB-203,304,312,6536.57,343,2,1,3633.53,3.42,Pass,2022-04-15
Product A,PRODA-102,396,402,2829.44,483,4,6,3610.99,2.83,Pass,2022-02-10
Product D,PRODD-402,147,133,3200.2,278,9,2,2315.14,0.55,Pass,2021-11-27
Product A,PRODA-101,171,172,2645.2,537,2,1,2095.65,1.63,Pass,2022-07-06
Product D,PRODD-402,217,203,5114.94,115,3,2,1230.55,1.68,Pass,2022-01-04
Product D,PRODD-402,419,430,3129.19,446,9,2,1677.94,2.42,Pass,2022-05-12
Product A,PRODA-101,167,161,4956.34,111,5,5,3008.5,0.58,Pass,2022-04-19
Product A,PRODA-101,114,117,6914.03,529,9,4,2423.94,2.17,Pass,2022-03-28
Product C,PRODC-302,165,166,7108.01,133,6,5,3683.17,0.67,Pass,2022-07-30
Product B,PRODB-202,282,325,3456.47,448,5,2,3852.73,1.12,Pass,2022-02-07
Product C,PRODC-301,215,217,6988.34,471,4,2,2953.1,2.49,Pass,2021-11-14
Product B,PRODB-202,337,323,5994.64,263,2,5,1105.56,0.68,Pass,2021-10-07
Product B,PRODB-201,414,457,5736.27,425,4,4,2470.13,1.79,Pass,2022-03-02
Product A,PRODA-101,197,191,6169.3,97,4,5,3253.07,1.63,Pass,2022-06-08
Product B,PRODB-203,456,488,7491.22,403,9,2,3142.95,1.48,Pass,2022-04-27
Product C,PRODC-301,299,300,2552.84,145,9,5,3306.6,2.66,Pass,2022-06-04
Product B,PRODB-202,346,379,3714.99,460,2,1,3674.74,2.19,Pass,2021-11-26
Product B,PRODB-202,147,147,3640.39,243,6,1,3386.69,2.79,Pass,2022-08-11
Product D,PRODD-401,218,212,5177.54,320,6,2,2579.55,2.12,Pass,2021-10-01
Product C,PRODC-302,361,367,4529.4,150,3,4,1143.13,0.94,Pass,2021-09-29
Product D,PRODD-403,454,502,3434.17,132,5,3,3994.59,3.43,Fail,2022-07-30
Product A,PRODA-102,446,461,7060.34,142,6,4,3429.09,3.36,Pass,2022-02-27
Product D,PRODD-403,388,372,3483.43,260,7,2,3012.2,1.59,Fail,2022-06-09
Product C,PRODC-303,84,85,4830.02,142,2,4,1466.54,0.72,Pass,2022-06-02
Product B,PRODB-202,99,106,5541.6,158,4,6,1699.8,2.84,Pass,2021-10-20
Product C,PRODC-303,89,92,4376.33,506,4,1,2609.29,2.73,Pass,2022-07-15
Product D,PRODD-403,328,278,7489.42,336,6,6,2177.51,3.18,Pass,2022-01-21
Product D,PRODD-401,259,274,4460.67,479,5,1,3950.77,3.13,Pass,2022-04-28
Product B,PRODB-202,127,117,4175.92,287,6,1,3096.18,0.99,Pass,2022-01-10
Product A,PRODA-103,168,171,5430.55,598,2,4,2109.06,1.14,Pass,2022-04-29
Product B,PRODB-203,181,172,3343.14,577,8,2,2916.63,1.07,Fail,2021-09-06
Product B,PRODB-202,309,272,4191.05,117,4,4,1010.14,2.66,Pass,2021-12-12
Product C,PRODC-302,226,218,5610.99,272,3,6,3008.98,0.91,Pass,2022-07-23
Product B,PRODB-201,187,185,4095.48,331,8,4,1409.16,0.75,Pass,2022-05-28
Product A,PRODA-102,405,412,3571.5,545,9,6,2462.58,0.62,Pass,2022-01-16
Product C,PRODC-301,402,412,6036.47,559,2,1,3825.46,2.47,Pass,2022-07-29
Product B,PRODB-201,484,453,3247.99,236,6,2,2658.99,1.36,Pass,2021-11-13
Product D,PRODD-401,252,214,3084.52,337,4,6,1587.33,3.3,Pass,2022-01-21
Product B,PRODB-203,207,206,5160.4,325,8,1,1149.71,2.17,Pass,2022-08-05
Product C,PRODC-303,478,470,4278.44,225,7,3,2879.09,1.84,Pass,2022-04-14
Product C,PRODC-302,383,347,4802.97,384,4,6,2786.51,2.67,Pass,2022-03-28
Product D,PRODD-403,363,432,5402.15,572,9,1,1977.28,3.38,Fail,2022-08-06
Product B,PRODB-203,239,235,7468.85,247,2,2,2502.61,1.08,Pass,2022-07-25
Product A,PRODA-103,121,122,6342.98,183,8,4,1881.41,2.98,Pass,2022-03-02
Product C,PRODC-302,272,277,6204.09,454,6,4,2690.14,0.73,Pass,2021-11-13
Product B,PRODB-201,305,299,4437.4,504,5,2,1267.84,1.66,Pass,2022-03-01
Product B,PRODB-202,270,284,6767.75,199,3,3,2620.98,2.62,Pass,2021-10-22
Product D,PRODD-402,198,171,4017.7,388,6,1,1704.52,0.72,Pass,2021-12-03
Product B,PRODB-201,172,170,5738.56,102,7,3,1558.4,1.38,Pass,2022-01-31
Product C,PRODC-301,347,336,2784.74,296,8,4,1870.15,3.47,Pass,2022-07-20
Product A,PRODA-102,189,189,5174.83,491,3,3,3953.25,3.06,Fail,2022-03-20
Product D,PRODD-401,282,295,3921.72,342,7,6,1861.9,2.59,Pass,2022-03-31
Product D,PRODD-403,370,360,4356.82,344,2,6,1731.15,0.57,Pass,2022-07-23
Product C,PRODC-301,482,480,6370.78,96,5,5,3760.0,3.22,Pass,2022-05-21
Product B,PRODB-201,133,139,5456.67,473,5,3,1965.48,0.96,Pass,2022-02-07
Product C,PRODC-303,116,125,7298.45,411,9,3,2980.52,2.88,Pass,2022-06-25
Product A,PRODA-102,240,236,3531.93,168,6,6,3951.08,2.01,Pass,2021-12-09
Product A,PRODA-102,123,126,6041.79,572,2,2,2276.25,0.88,Pass,2022-01-08
Product D,PRODD-403,81,94,4811.68,217,4,2,1253.64,0.63,Pass,2021-12-04
Product A,PRODA-101,484,495,5352.25,507,4,3,3107.92,3.5,Pass,2022-03-05
Product D,PRODD-402,306,345,4816.15,227,6,3,2010.65,2.37,Pass,2022-06-28
Product D,PRODD-401,133,128,5326.93,80,8,4,2287.63,3.19,Pass,2021-10-19
Product C,PRODC-303,118,118,5512.56,290,6,4,2204.1,0.61,Pass,2022-06-22
Product C,PRODC-303,417,412,3959.83,488,9,4,3452.78,2.13,Pass,2021-09-10
Product C,PRODC-303,313,287,5581.78,472,7,6,3458.04,3.23,Pass,2022-03-22
Product D,PRODD-401,189,184,6600.14,494,4,6,3957.41,1.89,Pass,2021-11-06
Product D,PRODD-401,263,278,7018.62,584,2,3,1807.7,2.46,Pass,2022-06-10
Product D,PRODD-402,106,103,5006.05,497,9,1,3816.13,1.88,Fail,2022-01-30
Product A,PRODA-102,98,98,3045.99,276,5,1,1104.35,2.88,Pass,2022-04-04
Product D,PRODD-401,96,89,6191.08,173,7,3,3302.52,0.71,Fail,2021-12-14
Product C,PRODC-303,163,171,6115.17,318,7,4,3277.27,2.85,Fail,2022-08-13
Product B,PRODB-201,193,177,6255.16,174,3,5,2046.04,1.04,Pass,2021-12-20
Product D,PRODD-403,349,323,5560.55,88,5,3,1286.99,0.61,Pass,2022-08-22
Product C,PRODC-301,471,485,6684.52,243,4,3,3664.58,2.58,Pass,2022-02-17
Product D,PRODD-401,383,375,5994.19,598,7,3,2970.71,2.73,Pass,2021-10-24
Product C,PRODC-302,158,157,3010.31,435,9,6,3827.98,2.04,Pass,2022-06-10
Product C,PRODC-301,406,416,6445.45,415,3,3,3877.97,2.9,Pass,2022-02-27
Product B,PRODB-203,456,444,4330.07,450,2,5,2946.54,2.36,Pass,2022-05-20
Product B,PRODB-203,305,295,2636.85,347,5,1,1933.9,2.25,Pass,2022-06-28
Product C,PRODC-301,496,518,7176.71,319,7,1,3603.98,2.88,Pass,2022-05-19
Product D,PRODD-403,499,548,3988.6,499,6,6,1218.88,2.69,Pass,2022-07-18
Product A,PRODA-103,116,117,4236.73,166,6,3,1202.5,1.15,Pass,2022-06-27
Product D,PRODD-401,454,491,3991.95,128,5,2,2669.11,1.98,Pass,2021-12-14
Product D,PRODD-403,403,422,4461.31,443,7,1,2691.15,0.73,Pass,2022-02-14
Product A,PRODA-102,303,302,4208.79,205,7,4,1489.67,2.99,Pass,2022-07-27
Product D,PRODD-402,215,215,4070.45,349,2,5,3062.82,1.55,Pass,2022-06-12
Product A,PRODA-103,290,286,5001.32,318,6,5,1830.61,1.69,Pass,2022-03-07
Product D,PRODD-401,491,490,5628.99,547,3,5,1391.87,3.3,Pass,2021-11-04
Product D,PRODD-401,129,130,7165.07,579,5,1,2753.47,1.49,Pass,2021-09-23
Product C,PRODC-301,435,440,7140.66,435,9,6,2650.79,1.39,Pass,2022-05-24
Product C,PRODC-303,232,234,4340.67,91,5,2,1429.9,0.9,Pass,2021-11-21
Product A,PRODA-101,419,437,6211.11,95,6,5,1335.18,1.35,Pass,2022-04-18
Product B,PRODB-202,284,294,6359.95,412,8,4,2004.0,1.46,Pass,2022-03-29
Product B,PRODB-202,375,444,2797.72,465,3,2,1795.92,2.5,Pass,2022-04-03
Product A,PRODA-102,426,413,5499.72,293,3,4,2161.39,0.6,Pass,2021-10-12
Product A,PRODA-102,244,242,3295.84,372,8,1,3869.84,2.74,Pass,2021-11-25
Product C,PRODC-303,485,492,6078.72,477,9,3,1221.13,2.04,Pass,2022-04-12
Product C,PRODC-303,208,216,7024.88,402,8,4,2416.79,0.59,Fail,2022-03-10
Product B,PRODB-203,382,403,6477.73,579,7,1,2824.95,2.52,Pass,2022-05-04
Product B,PRODB-201,431,448,5610.42,156,8,6,2468.62,2.59,Pass,2022-07-09
Product B,PRODB-201,146,141,5026.68,453,8,6,1490.4,1.27,Pass,2022-06-17
Product C,PRODC-303,191,202,5240.17,287,5,2,2753.41,1.67,Pass,2022-08-27
Product A,PRODA-103,221,218,6181.53,215,8,3,3086.36,1.27,Pass,2022-08-04
Product B,PRODB-202,117,122,2755.9,80,4,5,2062.01,3.49,Pass,2022-08-14
Product A,PRODA-101,279,277,3107.21,513,6,1,3065.54,0.72,Pass,2022-01-29
Product D,PRODD-402,450,473,7323.43,251,6,3,2658.01,2.43,Pass,2021-09-21
Product B,PRODB-201,475,427,3739.38,112,6,5,1430.81,1.95,Pass,2022-02-07
Product D,PRODD-402,126,147,4464.69,234,4,1,2481.31,1.67,Pass,2022-01-22
Product C,PRODC-301,365,376,5210.85,108,6,6,2416.02,2.9,Pass,2022-06-19
Product B,PRODB-203,498,492,3985.38,319,9,4,3430.46,0.54,Fail,2022-02-27
Product D,PRODD-403,311,327,6943.64,133,2,5,1621.54,0.98,Pass,2021-12-22
Product D,PRODD-401,236,213,5929.08,238,8,2,3834.13,0.84,Pass,2021-12-05
Product C,PRODC-302,471,469,3165.51,367,4,6,3899.0,0.97,Pass,2021-10-07
Product B,PRODB-203,122,118,4663.36,441,9,1,2626.13,2.31,Pass,2022-01-21
Product B,PRODB-202,218,216,6671.19,273,6,3,2255.3,2.9,Pass,2022-06-04
Product A,PRODA-101,437,443,4753.59,96,2,4,3568.45,3.23,Pass,2021-11-09
Product D,PRODD-401,131,109,5918.82,338,3,2,3013.04,2.44,Pass,2022-05-28
Product A,PRODA-103,312,317,6374.33,80,5,3,2895.21,2.79,Pass,2022-07-19
Product C,PRODC-302,195,197,7475.91,169,9,5,1790.56,1.19,Pass,2021-10-11
Product A,PRODA-101,373,347,4130.12,422,5,4,2514.67,3.36,Pass,2021-12-29
Product B,PRODB-201,288,286,3397.7,421,6,1,3859.22,1.23,Pass,2021-09-03
Product B,PRODB-202,229,243,5275.43,366,7,2,2916.87,3.14,Fail,2022-06-01
Product C,PRODC-301,432,416,3501.8,439,7,6,2123.98,1.01,Pass,2021-10-15
Product C,PRODC-302,491,464,6162.32,480,5,6,1042.99,1.47,Pass,2022-07-26
Product C,PRODC-303,102,96,6433.98,323,8,1,2809.88,1.74,Pass,2022-03-11
Product A,PRODA-103,183,183,4231.92,104,4,5,1814.91,2.73,Pass,2022-03-22
Product C,PRODC-302,444,446,5581.26,190,5,3,3424.33,1.89,Pass,2022-06-20
Product B,PRODB-201,329,321,2586.47,583,3,2,3207.98,2.81,Pass,2021-10-02
Product A,PRODA-102,112,112,7041.91,186,2,2,1939.97,2.6,Pass,2022-02-14
Product C,PRODC-301,379,375,3064.55,180,2,4,3537.97,1.44,Pass,2021-12-03
Product A,PRODA-101,105,106,6145.19,129,8,3,3851.94,2.89,Pass,2022-07-21
Product A,PRODA-102,300,295,2532.44,189,6,6,1068.73,1.38,Pass,2021-12-17
Product A,PRODA-101,485,478,4010.88,145,9,5,2109.11,1.0,Pass,2022-03-26
Product D,PRODD-403,141,141,6249.2,537,8,1,1240.12,2.77,Pass,2022-07-29
Product D,PRODD-402,315,325,7080.24,505,8,2,2047.98,3.03,Pass,2021-12-22
Product B,PRODB-201,417,416,5772.61,305,9,6,1538.48,0.51,Pass,2021-09-26
Product A,PRODA-102,396,394,2941.41,493,8,1,3290.62,3.25,Pass,2022-03-29
Product B,PRODB-201,251,278,6865.8,538,5,3,2035.47,0.55,Pass,2021-10-01
Product B,PRODB-201,341,402,3362.93,323,7,5,3725.78,1.73,Pass,2022-02-21
Product D,PRODD-402,323,356,6979.67,156,3,6,2488.71,3.2,Pass,2021-09-13
Product B,PRODB-202,346,343,4366.27,436,7,1,3868.81,2.79,Pass,2021-10-01
Product C,PRODC-302,424,437,5106.97,381,4,1,2796.17,1.83,Pass,2021-09-09
Product A,PRODA-103,193,188,6529.65,284,9,5,2983.46,2.59,Pass,2021-11-25
Product C,PRODC-303,244,231,3284.17,168,6,4,3813.38,2.98,Pass,2022-01-18
Product C,PRODC-303,309,302,4420.24,134,8,4,3155.6,0.97,Fail,2021-12-25
Product D,PRODD-402,195,203,4403.79,443,7,3,3624.29,2.24,Pass,2022-07-01
Product C,PRODC-302,107,113,4501.63,278,7,2,2133.96,2.95,Pass,2022-03-06
Product C,PRODC-302,469,491,2696.6,428,5,2,2139.23,2.71,Pass,2022-03-06
Product D,PRODD-403,358,339,2654.34,104,2,2,2297.98,1.51,Pass,2022-05-28
Product B,PRODB-203,223,238,5560.24,252,5,4,2634.45,3.27,Pass,2022-02-14
Product D,PRODD-401,197,177,4701.56,254,8,3,2868.63,1.28,Pass,2021-12-13
Product B,PRODB-201,329,305,4534.68,517,5,6,3824.8,3.26,Pass,2022-04-16
Product A,PRODA-101,455,444,6540.49,345,2,3,2984.73,2.4,Pass,2021-11-22
Product C,PRODC-303,421,397,4136.67,459,7,4,2550.03,3.48,Pass,2022-05-19
Product B,PRODB-201,429,417,3298.93,392,4,1,3082.32,3.25,Pass,2021-12-15
Product D,PRODD-401,90,94,2501.26,474,5,2,2529.17,3.21,Fail,2022-08-10
Product C,PRODC-302,82,86,4477.91,140,9,6,3859.56,0.99,Pass,2022-04-14
Product C,PRODC-302,376,377,3846.05,255,8,2,1669.34,2.32,Pass,2022-03-25
Product D,PRODD-403,262,229,2716.73,186,5,5,3947.08,2.46,Pass,2021-10-05
Product D,PRODD-403,316,362,6370.67,454,8,6,3051.94,3.39,Pass,2022-07-12
Product A,PRODA-101,118,122,7493.24,538,3,6,2404.92,1.74,Pass,2022-08-21
Product B,PRODB-202,203,207,5986.94,488,8,5,3444.31,1.77,Fail,2021-10-10
Product B,PRODB-202,376,343,4958.97,160,7,4,1879.42,1.85,Pass,2021-09-30
Product C,PRODC-302,306,305,6444.35,83,8,6,3467.97,2.45,Pass,2022-01-28
Product B,PRODB-201,416,430,5480.96,517,5,4,2075.6,0.92,Pass,2021-10-25
Product A,PRODA-103,414,420,6856.79,345,2,4,2357.05,2.05,Pass,2022-05-08
Product B,PRODB-202,386,383,5716.62,113,4,2,3702.51,2.66,Pass,2022-04-23
Product A,PRODA-102,93,93,6565.33,102,7,2,2024.85,0.59,Pass,2022-07-21
Product C,PRODC-303,353,373,2921.95,204,8,5,1891.27,2.23,Pass,2022-03-11
Product A,PRODA-102,321,329,3376.61,599,4,6,1450.4,0.67,Pass,2021-11-03
Product A,PRODA-101,349,343,3531.14,179,2,3,2730.37,2.72,Pass,2021-10-24
Product B,PRODB-202,305,278,6150.05,493,4,1,3781.21,1.29,Pass,2022-08-18
Product D,PRODD-403,229,229,4282.88,142,3,5,3763.65,1.05,Pass,2021-09-25
Product D,PRODD-402,347,432,2762.93,188,4,6,3577.55,3.25,Pass,2022-05-27
Product B,PRODB-203,158,168,5188.12,325,8,1,2573.13,3.03,Pass,2022-01-15
Product C,PRODC-301,252,256,3466.18,409,8,5,2901.56,1.78,Pass,2021-12-18
Product C,PRODC-301,190,199,2811.25,311,9,6,2317.5,1.56,Pass,2021-11-16
Product B,PRODB-202,336,297,3525.41,530,2,2,3911.63,3.44,Pass,2022-08-05
Product B,PRODB-202,307,328,4501.55,102,2,2,2495.33,1.98,Pass,2021-10-01
Product A,PRODA-101,453,447,7346.18,153,3,6,1441.47,0.93,Pass,2021-09-28
Product B,PRODB-201,197,198,5203.84,395,2,5,3498.39,1.53,Pass,2022-01-14
Product B,PRODB-202,266,287,6285.16,384,4,1,2591.89,2.02,Pass,2022-07-02
Product B,PRODB-201,91,91,3520.04,205,3,4,1237.45,2.26,Pass,2021-10-22
Product C,PRODC-302,286,287,6692.51,280,4,4,3016.76,0.61,Pass,2021-12-26
Product D,PRODD-401,107,102,4382.45,95,7,6,2590.67,3.35,Pass,2021-10-28
Product D,PRODD-401,424,401,4730.29,437,6,6,2294.22,1.64,Pass,2022-08-13
Product B,PRODB-203,134,141,3568.61,566,8,4,1047.84,3.06,Pass,2022-08-06
Product D,PRODD-401,137,159,7192.03,310,4,4,2721.31,2.77,Pass,2022-07-13
Product B,PRODB-203,461,431,6859.18,153,6,4,3554.59,2.37,Pass,2022-01-26
Product C,PRODC-303,433,442,6812.95,588,9,3,2347.26,1.57,Pass,2022-06-28
Product A,PRODA-103,206,205,2900.32,499,9,3,1117.59,2.05,Pass,2021-11-21
Product D,PRODD-403,212,191,6171.62,319,2,2,2523.55,2.56,Fail,2021-10-29
Product D,PRODD-403,465,487,3322.0,280,5,6,1120.44,1.0,Pass,2022-01-08
Product A,PRODA-102,106,108,3173.29,286,9,6,1236.42,1.55,Fail,2021-11-10
Product D,PRODD-401,385,382,7361.11,542,8,1,3563.48,1.94,Pass,2022-03-02
Product C,PRODC-301,109,112,4742.77,153,8,2,3056.22,2.1,Pass,2021-10-02
Product C,PRODC-303,82,87,6509.73,167,6,3,1119.78,2.98,Pass,2022-05-28
Product C,PRODC-303,157,155,3302.09,200,9,6,3432.79,1.49,Pass,2021-12-07
Product C,PRODC-301,124,126,2852.2,193,8,5,1265.13,3.04,Pass,2022-01-16
Product C,PRODC-302,222,234,5455.12,141,8,4,3597.32,1.82,Pass,2022-02-16
Product B,PRODB-203,264,303,4627.46,520,2,4,2535.81,2.39,Pass,2022-02-13
Product D,PRODD-403,490,441,4844.46,579,7,6,1326.39,2.31,Pass,2021-09-05
Product A,PRODA-103,119,116,5081.58,219,7,1,3497.95,2.85,Pass,2022-07-07
Product B,PRODB-203,407,423,5705.21,148,8,6,1645.81,2.66,Pass,2021-12-18
Product A,PRODA-101,261,263,3755.5,327,5,2,2718.26,0.77,Pass,2022-08-27
Product D,PRODD-401,396,426,6098.81,205,6,4,3020.99,3.18,Pass,2021-10-29
Product A,PRODA-103,90,90,7308.95,591,7,6,3550.36,1.56,Pass,2021-11-01
Product A,PRODA-103,172,170,4369.85,547,6,4,2311.83,0.7,Fail,2022-07-01
Product B,PRODB-201,403,393,3782.4,564,6,1,1268.9,2.55,Fail,2022-05-31
Product B,PRODB-202,456,457,3656.64,145,5,1,1115.99,0.91,Pass,2022-07-05
Product C,PRODC-302,306,307,2694.06,291,9,2,3486.08,2.74,Pass,2022-08-29
Product B,PRODB-203,152,143,3285.42,233,8,3,1360.04,2.75,Pass,2022-01-07
Product D,PRODD-402,497,539,6025.22,214,4,3,2230.27,2.92,Pass,2022-08-10
Product B,PRODB-202,438,440,5994.51,100,6,6,3099.49,3.38,Pass,2022-07-23
Product D,PRODD-403,324,343,4021.37,437,7,6,3858.38,2.21,Pass,2022-01-25
Product B,PRODB-203,170,180,5575.42,278,2,2,2280.86,0.62,Fail,2022-01-31
Product D,PRODD-402,462,439,5837.14,431,4,3,3322.8,2.14,Pass,2022-03-02
Product C,PRODC-302,85,79,6308.6,565,3,3,2926.04,1.88,Pass,2022-01-12
Product D,PRODD-403,215,200,3483.16,194,4,5,1158.02,1.38,Pass,2021-11-02
Product A,PRODA-102,157,153,6452.54,459,3,1,2641.88,2.39,Fail,2022-01-07
Product B,PRODB-201,356,358,6890.91,336,6,6,1431.6,2.37,Pass,2021-10-21
Product C,PRODC-303,257,242,2653.64,401,9,6,2685.56,0.73,Fail,2021-11-18
Product B,PRODB-201,442,476,5414.43,476,4,1,3283.63,2.81,Pass,2022-05-05
Product B,PRODB-203,371,373,4062.61,534,3,3,2818.27,0.53,Pass,2021-11-28
Product B,PRODB-203,334,317,4754.28,501,7,6,2696.9,2.85,Pass,2022-05-22
Product B,PRODB-203,400,400,5762.5,257,8,5,1531.67,1.38,Pass,2021-12-25
Product C,PRODC-303,387,405,5115.96,381,9,3,1546.2,3.38,Pass,2022-05-23
Product A,PRODA-102,155,151,4933.9,445,4,4,1696.54,2.66,Pass,2021-09-02
Product B,PRODB-202,385,364,3717.48,387,6,4,2827.52,3.13,Pass,2022-03-28
Product B,PRODB-201,192,211,2810.35,507,5,2,1886.11,0.66,Pass,2021-10-08
Product A,PRODA-102,271,256,6088.29,411,8,2,2528.21,2.68,Pass,2021-12-17
Product C,PRODC-303,389,365,2517.74,314,6,2,2512.45,2.91,Pass,2021-10-26
Product A,PRODA-103,193,186,4954.63,187,5,5,3715.4,1.1,Fail,2022-07-04
Product B,PRODB-201,206,216,5971.93,589,2,4,2313.48,2.2,Pass,2021-09-10
Product B,PRODB-203,307,335,5203.55,131,9,3,1803.99,1.68,Pass,2022-01-06
Product D,PRODD-403,160,128,3198.88,594,5,5,3181.28,3.48,Pass,2022-06-25
Product A,PRODA-102,336,335,6613.58,467,8,6,1806.0,2.95,Pass,2022-03-08
Product B,PRODB-202,95,92,2764.78,296,3,2,2050.61,2.82,Pass,2022-01-08
Product C,PRODC-301,344,335,5415.6,465,6,4,3351.02,1.72,Fail,2022-01-08
Product A,PRODA-103,439,450,2828.88,495,4,2,3015.32,1.38,Pass,2022-08-14
Product D,PRODD-402,255,276,3719.12,562,4,1,1423.43,1.66,Pass,2022-03-08
Product D,PRODD-402,427,418,3238.22,332,5,5,1836.61,3.27,Fail,2021-11-29
Product B,PRODB-203,186,185,3771.75,533,9,3,3241.57,3.37,Pass,2022-03-28
Product D,PRODD-402,219,210,3036.59,549,8,1,1217.77,0.52,Pass,2022-02-15
Product B,PRODB-203,151,146,5137.63,420,2,5,1194.72,1.66,Pass,2022-05-11
Product D,PRODD-401,291,303,4388.21,573,8,6,3335.73,1.48,Pass,2021-12-18
Product C,PRODC-301,370,360,2609.26,338,3,5,2770.5,1.5,Pass,2021-09-03
Product A,PRODA-103,163,155,7481.36,337,5,6,3427.38,0.77,Pass,2022-03-29
Product D,PRODD-403,139,139,2771.93,594,8,6,3427.49,2.26,Pass,2022-01-09
Product B,PRODB-201,96,98,2883.7,470,8,6,2746.49,2.08,Pass,2021-11-19
Product A,PRODA-102,381,379,7011.41,351,6,5,1837.9,2.33,Pass,2022-04-23
Product A,PRODA-103,384,381,5998.43,161,7,4,3515.45,1.06,Pass,2022-08-03
Product C,PRODC-302,170,163,6919.59,513,2,4,3136.98,1.21,Pass,2022-03-09
Product D,PRODD-401,311,306,5093.23,444,9,6,3980.45,1.87,Pass,2022-03-28
Product A,PRODA-101,176,178,4176.87,511,3,6,2146.33,1.85,Pass,2022-05-25
Product B,PRODB-201,273,276,5139.1,84,7,3,3188.51,2.31,Pass,2021-09-03
Product C,PRODC-301,179,188,7135.92,211,2,1,2828.34,0.87,Pass,2022-01-24
Product B,PRODB-202,281,255,6716.03,292,8,6,2845.4,3.1,Pass,2022-01-13
Product C,PRODC-301,191,194,3856.11,123,6,2,1476.51,2.85,Pass,2021-11-07
Product D,PRODD-401,229,238,3346.08,151,2,5,2521.14,0.56,Pass,2021-10-27
Product A,PRODA-103,398,401,4608.41,242,4,1,2084.85,2.77,Pass,2021-11-20
Product C,PRODC-303,485,471,5544.43,463,6,2,3796.79,3.28,Pass,2021-09-11
Product D,PRODD-401,187,174,7258.67,163,3,5,1507.0,1.88,Pass,2022-02-12
Product A,PRODA-103,223,221,3370.32,372,4,6,1314.41,3.37,Pass,2021-11-22
Product D,PRODD-403,383,382,2806.6,490,6,1,2703.67,3.01,Pass,2022-06-08
Product B,PRODB-202,245,237,3496.13,434,9,6,3919.92,3.47,Pass,2022-02-28
Product D,PRODD-401,282,279,5072.23,232,3,5,3431.76,2.44,Pass,2021-12-01
Product A,PRODA-102,202,203,3903.76,154,6,5,2053.23,3.16,Fail,2022-07-05
Product D,PRODD-403,320,297,6012.74,299,6,2,1179.3,0.55,Pass,2022-03-31
Product B,PRODB-202,310,313,4822.87,311,5,2,1336.34,1.64,Pass,2021-10-01
Product C,PRODC-303,183,186,5411.98,548,2,5,1302.41,0.92,Pass,2021-11-28
Product C,PRODC-302,201,194,4214.45,360,8,3,1783.38,0.79,Pass,2021-10-30
Product B,PRODB-202,246,226,3159.57,268,8,5,1496.56,0.93,Pass,2021-10-15
Product D,PRODD-401,132,116,4898.07,349,6,4,3038.34,1.85,Pass,2022-01-12
Product A,PRODA-102,245,247,3465.61,570,2,1,1138.1,3.46,Pass,2022-04-24
Product D,PRODD-401,470,454,6124.35,485,6,1,1034.48,2.79,Pass,2022-08-05
Product D,PRODD-402,95,88,3353.22,98,9,6,3854.59,1.07,Fail,2022-04-01
Product A,PRODA-101,140,137,7359.53,423,8,6,1039.4,1.56,Pass,2022-04-12
Product C,PRODC-301,384,376,4645.36,388,5,6,3175.41,3.06,Pass,2021-12-02
Product D,PRODD-402,157,120,6119.36,226,2,3,2344.72,2.33,Pass,2022-07-01
Product B,PRODB-203,426,407,7217.14,441,2,2,1624.89,2.62,Pass,2021-11-01
Product B,PRODB-202,128,127,5534.73,572,2,1,2882.01,3.05,Pass,2022-05-27
Product D,PRODD-402,294,288,3073.41,176,4,6,3714.94,3.36,Pass,2022-07-01
Product D,PRODD-403,426,406,7099.38,501,9,1,2287.77,2.86,Pass,2022-06-12
Product B,PRODB-202,465,464,7484.13,338,6,3,2414.61,1.56,Pass,2022-03-03
Product D,PRODD-401,323,367,7114.12,103,9,6,1476.78,1.99,Pass,2022-07-03
Product C,PRODC-303,303,301,6771.08,554,6,4,3376.65,0.69,Pass,2021-10-31
Product A,PRODA-103,84,82,4883.1,217,7,4,3194.58,2.24,Pass,2022-03-20
Product D,PRODD-401,242,281,4596.18,407,7,6,2444.39,2.46,Pass,2022-08-02
Product D,PRODD-402,495,570,6344.57,299,9,3,1770.46,2.09,Fail,2022-06-30
Product B,PRODB-203,485,489,4465.19,121,5,2,2763.96,2.34,Pass,2021-12-29
Product C,PRODC-302,241,232,7048.55,336,3,5,1505.81,0.56,Pass,2022-06-06
Product A,PRODA-102,227,218,3554.76,88,3,4,2550.61,3.25,Pass,2022-03-26
Product A,PRODA-103,288,283,4121.17,582,3,1,3561.09,2.76,Pass,2022-02-01
Product B,PRODB-203,407,429,2791.32,255,2,4,3893.38,3.14,Pass,2021-12-15
Product A,PRODA-103,245,248,6083.55,92,4,1,1790.72,2.78,Pass,2022-03-13
Product D,PRODD-401,192,198,4101.29,459,6,2,1954.09,0.59,Pass,2022-06-27
Product A,PRODA-101,243,238,3809.25,171,6,2,1142.64,2.42,Pass,2021-12-12
Product C,PRODC-301,159,159,3492.91,319,2,1,3254.56,1.04,Pass,2022-04-30
Product D,PRODD-403,118,118,3263.21,367,4,5,3125.81,0.6,Pass,2021-09-16
Product C,PRODC-303,282,270,5226.27,195,6,1,1711.88,1.07,Pass,2021-09-12
Product D,PRODD-401,206,243,6881.53,471,3,5,2070.27,0.92,Pass,2022-04-04
Product B,PRODB-203,253,249,5024.39,172,6,4,1760.86,1.43,Fail,2022-03-01
Product C,PRODC-301,234,240,4765.12,533,4,3,2874.51,2.5,Pass,2022-08-29
Product D,PRODD-402,463,479,4826.2,189,3,1,3383.03,1.58,Fail,2022-03-09
Product B,PRODB-203,453,465,6522.67,524,6,2,2441.19,0.82,Pass,2022-02-27
Product D,PRODD-401,172,169,5286.39,473,6,3,1734.47,1.08,Pass,2022-05-12
Product D,PRODD-401,351,372,5748.66,464,2,5,3095.18,1.75,Pass,2022-07-26
Product C,PRODC-302,83,80,5537.39,529,4,5,3033.02,1.48,Pass,2022-07-16
Product A,PRODA-102,203,202,4438.92,195,4,5,2167.78,2.91,Fail,2021-10-26
Product D,PRODD-401,211,238,5235.2,447,2,5,2457.28,1.41,Pass,2021-09-29
Product C,PRODC-303,385,406,3059.2,247,2,3,1579.6,0.59,Pass,2021-12-07
Product C,PRODC-302,127,120,7068.04,341,8,6,3574.79,2.97,Pass,2022-07-09
Product B,PRODB-201,248,255,3474.02,332,5,5,3171.04,1.99,Pass,2021-12-19
Product A,PRODA-103,407,381,6243.87,463,5,6,3687.73,1.52,Pass,2022-07-21
Product A,PRODA-101,476,474,6107.33,95,5,2,1412.48,0.55,Pass,2021-11-08
Product C,PRODC-302,327,321,3479.78,384,2,3,1947.36,2.84,Pass,2021-10-15
Product B,PRODB-203,276,295,7318.9,156,5,5,1608.31,1.38,Pass,2021-10-06
Product B,PRODB-202,293,319,4648.28,408,9,6,1231.1,2.89,Fail,2022-04-07
Product D,PRODD-403,80,80,5067.89,172,4,4,1492.83,3.24,Pass,2022-02-06
Product B,PRODB-201,432,435,3701.61,183,4,6,2897.1,1.79,Pass,2022-01-25
Product B,PRODB-203,180,167,6594.82,306,5,1,3358.39,1.35,Pass,2022-03-29
Product B,PRODB-201,450,435,4130.75,533,7,4,2036.42,0.94,Pass,2022-03-11
Product A,PRODA-101,100,100,6169.63,244,6,6,3950.1,0.58,Pass,2022-05-14
Product A,PRODA-101,475,460,3238.62,459,4,5,2075.21,0.56,Pass,2021-10-20
Product C,PRODC-302,258,253,3506.5,138,2,4,1201.69,2.51,Pass,2022-06-06
Product C,PRODC-302,357,354,3223.66,239,2,3,1917.28,1.73,Pass,2021-11-28
Product C,PRODC-301,148,156,5791.79,369,8,2,2928.2,0.97,Pass,2022-05-19
Product B,PRODB-202,402,408,5925.23,408,4,3,1733.1,2.72,Fail,2022-05-15
Product B,PRODB-201,145,146,2733.89,570,5,6,3765.39,1.85,Pass,2022-08-17
Product D,PRODD-401,365,406,2909.12,576,5,3,2889.73,2.15,Pass,2021-10-22
Product C,PRODC-303,85,84,5173.06,281,3,5,2437.73,1.36,Pass,2021-09-17
Product C,PRODC-301,385,383,3567.25,203,5,1,1167.0,3.5,Pass,2022-08-12
Product A,PRODA-102,436,427,3499.52,551,4,6,1691.95,0.76,Pass,2022-07-10
Product A,PRODA-103,373,366,4660.21,96,8,3,3304.27,1.12,Pass,2021-10-15
Product D,PRODD-403,256,257,6772.15,380,2,3,3869.2,1.3,Pass,2021-09-26
Product C,PRODC-301,252,267,4800.1,85,5,3,3842.03,0.8,Pass,2022-05-11
Product D,PRODD-401,110,101,4114.19,477,4,1,3147.36,0.96,Pass,2021-12-22
Product D,PRODD-402,382,371,7230.98,504,4,4,3492.87,2.27,Pass,2022-01-13
Product D,PRODD-401,261,282,2552.14,258,6,3,1936.0,3.26,Pass,2021-09-16
Product D,PRODD-402,447,532,4377.26,323,3,2,1028.69,2.89,Pass,2021-11-20
Product D,PRODD-403,103,98,5590.16,209,5,3,3849.88,3.45,Pass,2021-10-03
Product B,PRODB-201,197,209,3353.91,239,7,1,2713.79,0.76,Pass,2022-01-30
Product D,PRODD-403,207,238,4370.53,224,2,5,3822.24,2.75,Pass,2022-02-28
Product B,PRODB-203,182,163,4316.66,364,2,4,3528.71,1.31,Pass,2022-08-11
Product B,PRODB-202,379,373,7002.06,102,6,5,1576.7,1.85,Pass,2022-08-30
Product D,PRODD-401,326,345,2812.17,356,5,3,1676.09,2.48,Pass,2022-03-05
Product D,PRODD-401,418,467,5341.78,83,2,1,1409.17,2.78,Fail,2022-01-19
Product B,PRODB-201,287,278,6314.72,342,8,1,2698.57,1.29,Pass,2021-11-20
Product D,PRODD-403,86,88,4810.3,116,6,5,3321.88,1.86,Pass,2022-06-15
Product B,PRODB-201,467,515,5734.83,321,9,6,2998.7,3.4,Pass,2021-11-10
Product C,PRODC-301,179,183,3573.59,384,8,4,2618.51,0.76,Pass,2022-06-28
Product A,PRODA-101,382,386,7003.91,122,5,4,2279.0,3.5,Pass,2022-06-11
Product A,PRODA-101,173,172,4803.71,419,2,1,3440.64,2.47,Pass,2022-06-16
Product D,PRODD-403,221,209,2706.33,377,7,1,2367.05,1.49,Pass,2022-07-29
Product C,PRODC-303,327,338,7315.79,263,5,1,2004.63,2.53,Pass,2021-11-09
Product B,PRODB-201,478,500,3453.91,89,4,6,2470.61,1.59,Fail,2022-07-15
Product B,PRODB-201,430,439,6128.85,450,8,4,2121.2,0.92,Pass,2021-09-13
Product D,PRODD-401,183,179,6943.78,122,2,5,2880.31,2.28,Pass,2021-12-01
Product A,PRODA-101,120,125,6081.11,241,2,4,3487.21,2.78,Pass,2021-10-22
Product D,PRODD-403,475,532,6240.6,436,5,3,1709.45,1.6,Pass,2022-07-20
Product C,PRODC-301,268,259,5234.01,445,5,1,1975.44,2.4,Pass,2022-01-29
Product C,PRODC-301,475,453,5349.72,154,3,5,2211.66,2.82,Pass,2022-02-23
Product D,PRODD-403,185,150,5966.96,429,4,1,3878.66,2.7,Pass,2021-09-08
Product C,PRODC-302,365,371,6132.33,518,4,1,1969.96,1.82,Pass,2021-12-18
Product B,PRODB-203,115,124,6664.35,375,3,1,1198.02,1.65,Pass,2022-02-25
Product A,PRODA-103,161,161,3209.25,400,8,6,3132.48,2.7,Pass,2021-09-21
Product B,PRODB-203,491,489,3274.79,559,4,6,2574.26,0.61,Pass,2022-05-15
Product D,PRODD-401,473,456,7488.51,498,3,3,3582.16,3.17,Pass,2022-05-13
Product B,PRODB-201,213,217,4698.64,292,2,6,3710.62,1.35,Fail,2022-04-15
Product C,PRODC-301,291,286,2769.52,566,2,3,3119.43,2.55,Pass,2021-12-19
Product C,PRODC-301,206,203,3796.83,209,2,1,2339.05,2.54,Pass,2022-02-10
Product C,PRODC-303,278,287,3825.94,440,8,6,3506.41,0.77,Pass,2021-09-21
Product D,PRODD-401,143,137,4185.43,556,8,6,3339.65,2.75,Pass,2022-01-08
Product A,PRODA-102,236,230,3309.05,468,2,6,2510.68,3.04,Pass,2021-10-22
Product A,PRODA-102,179,178,3886.13,454,6,1,2407.38,2.76,Fail,2021-11-20
Product D,PRODD-401,162,178,7058.02,493,6,2,1505.82,2.77,Pass,2022-01-07
Product B,PRODB-203,259,284,3133.78,120,7,5,1725.61,1.79,Pass,2021-09-17
Product B,PRODB-201,396,399,5629.45,416,8,1,3530.91,2.28,Pass,2022-07-01
Product D,PRODD-403,413,458,2946.43,438,6,3,2001.52,0.59,Pass,2022-06-10
Product D,PRODD-401,411,405,7445.51,371,3,4,3331.69,2.71,Fail,2021-12-15
Product D,PRODD-402,328,300,5726.34,477,3,6,1760.05,2.95,Fail,2022-01-30
Product B,PRODB-202,465,438,4942.68,527,5,6,2477.33,0.76,Pass,2022-08-15
Product D,PRODD-401,475,519,5886.61,172,7,1,2111.99,1.29,Pass,2021-11-07
Product D,PRODD-401,445,439,3886.45,360,6,4,3007.36,1.28,Pass,2022-05-24
Product C,PRODC-303,253,255,5734.7,129,6,3,2680.32,3.2,Pass,2021-10-01
Product D,PRODD-403,112,123,3715.29,531,2,3,1100.14,2.65,Pass,2022-04-25
Product D,PRODD-401,219,228,6151.86,375,9,2,1706.54,2.88,Pass,2022-03-30
Product D,PRODD-402,262,260,4234.04,560,7,4,2466.98,1.43,Pass,2021-09-16
Product B,PRODB-202,373,414,4160.9,340,7,6,3821.46,0.78,Pass,2022-08-01
Product B,PRODB-201,313,289,5210.98,413,5,4,2295.35,2.78,Pass,2022-08-30
Product C,PRODC-301,158,152,3081.7,136,8,4,3447.77,1.24,Pass,2022-03-12
Product B,PRODB-203,317,317,5949.56,169,4,3,1317.32,1.81,Pass,2022-05-01
Product C,PRODC-302,443,469,5369.43,92,8,3,3218.45,1.98,Pass,2022-06-24
Product A,PRODA-101,263,266,5098.89,379,3,3,3313.77,3.2,Pass,2022-01-25
Product D,PRODD-403,338,316,4553.02,363,7,4,3772.73,1.1,Pass,2021-12-16
Product B,PRODB-202,166,169,3692.64,279,8,5,2754.98,1.95,Pass,2022-06-16
Product C,PRODC-303,169,176,5683.15,538,9,5,1574.03,1.74,Pass,2022-06-28
Product B,PRODB-203,195,191,5181.86,163,2,3,3284.35,0.74,Pass,2022-06-18
Product A,PRODA-103,421,435,3886.7,481,5,4,2568.86,1.55,Pass,2022-01-02
Product D,PRODD-401,444,485,3610.22,92,8,1,1255.08,0.57,Fail,2022-02-23
Product A,PRODA-101,102,103,5736.19,375,4,6,2159.67,1.11,Pass,2021-10-19
Product C,PRODC-303,185,187,4724.01,495,5,5,1980.35,0.72,Pass,2022-03-07
Product D,PRODD-401,467,447,3107.08,196,5,1,1322.64,1.08,Fail,2022-02-26
Product A,PRODA-101,403,388,5815.14,510,4,3,3248.26,2.44,Pass,2021-09-04
Product A,PRODA-102,379,386,5538.61,509,5,5,3918.9,3.36,Pass,2021-09-05
Product C,PRODC-301,394,387,6025.14,573,3,5,3985.16,2.52,Pass,2022-07-24
Product C,PRODC-302,350,348,2742.63,83,7,3,2546.41,1.32,Pass,2022-04-19
Product C,PRODC-302,215,222,4200.85,426,9,1,2460.92,1.68,Fail,2022-04-25
Product D,PRODD-403,125,145,3577.11,205,3,5,2906.45,0.82,Pass,2021-12-01
Product C,PRODC-301,284,284,2842.53,577,2,2,1923.26,1.36,Pass,2022-06-27
Product C,PRODC-303,459,469,3305.55,395,5,3,2043.2,3.41,Pass,2022-02-13
Product D,PRODD-403,371,379,7475.91,374,6,3,2618.12,1.64,Pass,2022-08-04
Product B,PRODB-201,377,382,6713.83,207,7,6,1740.44,3.44,Pass,2022-08-23
Product A,PRODA-101,147,142,4726.4,546,9,3,2914.14,1.63,Pass,2021-09-19
Product D,PRODD-403,308,338,5295.02,262,2,4,1868.41,3.17,Pass,2022-01-21
Product A,PRODA-102,383,394,6077.85,526,2,3,3507.5,1.05,Pass,2022-06-12
Product C,PRODC-301,375,366,5268.78,397,4,3,1746.0,2.96,Pass,2022-07-02
Product B,PRODB-201,253,286,6462.06,326,7,4,3187.5,2.65,Pass,2021-10-30
Product A,PRODA-102,87,89,4422.92,369,5,5,3259.0,2.7,Pass,2021-12-11
Product A,PRODA-103,340,339,5308.32,345,8,5,2938.78,2.19,Pass,2022-02-18
Product C,PRODC-301,499,528,2842.05,205,8,6,2286.79,2.79,Fail,2021-10-05
Product C,PRODC-303,290,294,2677.09,495,9,5,2348.6,2.93,Pass,2021-10-26
Product D,PRODD-402,415,322,2699.37,236,3,6,3885.92,1.39,Pass,2021-11-22
Product A,PRODA-102,283,275,6166.1,576,3,4,1995.95,2.19,Pass,2022-08-25
Product C,PRODC-303,451,455,2588.16,170,8,6,3983.96,3.49,Pass,2021-11-15
Product A,PRODA-101,102,103,5631.94,167,8,6,1959.01,1.89,Pass,2021-09-09
Product A,PRODA-103,496,493,7075.28,99,2,6,1632.45,0.8,Pass,2021-12-16
Product A,PRODA-102,318,316,3654.79,583,7,6,3764.1,2.18,Pass,2022-06-14
Product D,PRODD-403,85,82,5358.6,382,5,4,1711.58,3.12,Pass,2022-08-15
Product A,PRODA-102,337,334,3345.34,106,8,3,1453.4,1.99,Pass,2021-09-10
Product A,PRODA-101,244,235,3904.07,470,2,6,2654.21,1.44,Pass,2022-02-18
Product A,PRODA-102,388,371,4692.34,426,7,2,2741.65,0.58,Pass,2021-12-15
Product C,PRODC-302,111,113,4478.0,369,8,1,1847.28,3.1,Pass,2022-06-30
Product A,PRODA-101,279,279,3877.96,319,5,6,1728.47,2.01,Pass,2022-03-28
Product D,PRODD-402,464,555,2536.99,151,9,6,3855.74,1.73,Pass,2022-07-09
Product D,PRODD-403,81,70,3573.9,426,6,4,3505.67,1.05,Pass,2022-03-20
Product D,PRODD-401,365,389,6884.46,211,3,4,1815.25,0.54,Pass,2022-04-26
Product A,PRODA-103,146,140,6212.85,115,2,3,3122.96,2.1,Pass,2022-08-23
Product A,PRODA-101,444,451,2563.64,275,3,1,1154.55,3.35,Pass,2022-07-03
Product A,PRODA-103,499,518,6975.74,471,2,2,3457.1,2.22,Pass,2021-09-12
Product C,PRODC-301,273,287,3655.39,137,6,5,3138.72,2.83,Pass,2022-01-23
Product D,PRODD-403,458,367,5037.69,595,9,5,1160.4,2.03,Pass,2022-03-15
Product B,PRODB-202,186,186,5150.12,132,5,6,3567.19,2.85,Pass,2021-11-07
Product B,PRODB-203,423,438,7476.42,240,8,3,1775.79,1.59,Pass,2022-05-11
Product C,PRODC-301,151,148,3675.85,254,8,4,2565.35,1.08,Pass,2022-05-23
Product B,PRODB-203,201,194,4700.17,500,8,4,2721.04,3.43,Pass,2021-10-21
Product C,PRODC-302,479,502,5586.12,243,3,1,3126.07,3.17,Pass,2022-02-20
Product A,PRODA-101,166,161,7332.32,398,4,4,2022.66,1.46,Pass,2022-05-22
Product B,PRODB-203,128,134,4197.21,210,6,2,3994.06,0.92,Pass,2022-03-16
Product A,PRODA-103,287,284,7161.76,511,2,4,2210.46,1.23,Pass,2022-05-17
Product C,PRODC-303,495,468,7158.02,144,3,6,2060.24,2.63,Pass,2022-06-23
Product B,PRODB-203,432,402,7496.5,342,2,6,3535.76,0.53,Pass,2022-08-21
Product A,PRODA-102,318,304,6189.74,311,5,5,2555.06,2.78,Pass,2022-06-10
Product C,PRODC-302,97,93,6872.9,207,9,3,1289.45,0.71,Pass,2022-04-17
Product C,PRODC-302,259,279,2501.66,215,3,5,1159.99,0.9,Pass,2022-02-01
Product C,PRODC-302,466,435,2553.69,348,5,3,2980.2,3.44,Fail,2022-07-19
Product C,PRODC-301,241,226,3185.5,177,4,2,3909.31,3.09,Pass,2022-05-18
Product A,PRODA-102,419,417,5917.36,253,4,2,1703.17,0.81,Pass,2022-03-21
Product D,PRODD-401,125,114,6176.84,351,5,6,2715.98,2.76,Pass,2022-07-25
Product C,PRODC-302,276,276,2854.43,142,2,5,3505.28,2.22,Pass,2021-09-07
Product D,PRODD-403,422,425,6001.53,575,6,1,3689.09,1.65,Pass,2022-03-06
Product C,PRODC-303,492,479,5347.21,341,8,6,3237.4,1.02,Pass,2021-09-12
Product A,PRODA-102,248,247,6503.39,474,4,4,1869.28,1.05,Pass,2021-09-16
Product A,PRODA-103,363,352,4578.01,306,4,3,2274.92,1.58,Pass,2021-12-31
Product B,PRODB-202,112,109,4026.15,103,6,2,2450.41,2.57,Fail,2022-02-27
Product B,PRODB-202,474,497,3985.75,510,8,3,3972.13,2.34,Pass,2022-06-06
Product D,PRODD-403,322,293,6606.27,236,8,2,2142.0,2.3,Pass,2022-05-22
Product A,PRODA-102,333,345,6760.74,226,7,2,2962.56,0.91,Pass,2022-06-23
Product A,PRODA-101,325,324,3611.78,493,5,1,3506.61,2.55,Pass,2021-12-11
Product B,PRODB-202,178,175,6677.94,460,8,4,1509.83,3.42,Fail,2022-05-07
Product D,PRODD-403,295,313,5924.34,482,7,2,3000.48,2.12,Pass,2021-11-17
Product D,PRODD-403,454,387,2881.09,276,7,4,1364.27,1.9,Pass,2022-01-02
Product A,PRODA-103,204,205,3889.79,543,4,6,1807.15,2.6,Pass,2022-01-06
Product B,PRODB-203,186,169,6157.88,370,6,1,3075.71,2.63,Pass,2022-03-08
Product A,PRODA-103,239,246,3094.88,177,8,2,3127.41,3.41,Pass,2022-03-15
Product C,PRODC-301,447,449,2958.16,340,9,1,2252.82,1.14,Pass,2022-02-10
Product B,PRODB-201,164,161,4133.62,238,7,2,3285.89,1.6,Pass,2022-06-15
Product B,PRODB-203,285,295,7442.52,263,8,2,1724.91,2.27,Pass,2022-01-05
Product B,PRODB-203,128,146,3510.41,322,2,6,2735.34,1.78,Pass,2022-02-14
Product C,PRODC-301,265,251,3280.98,501,9,2,2820.58,2.92,Pass,2021-10-21
Product C,PRODC-301,479,480,5034.96,365,2,5,3314.14,2.38,Pass,2022-08-11
Product A,PRODA-103,148,148,2871.49,300,3,5,1877.52,2.12,Pass,2021-11-02
Product B,PRODB-202,341,370,2505.15,471,5,1,2531.21,1.9,Pass,2022-01-17
Product B,PRODB-201,173,158,7160.23,540,8,6,3562.67,2.66,Pass,2021-10-07
Product B,PRODB-203,87,74,3297.89,518,4,3,2705.75,2.82,Pass,2022-01-22
Product C,PRODC-301,394,397,3288.17,317,7,3,2071.09,2.78,Pass,2022-05-11
Product C,PRODC-303,470,463,4146.86,596,3,4,3148.41,2.7,Fail,2021-09-07
Product B,PRODB-201,396,387,6340.87,215,3,1,2637.33,2.46,Pass,2021-12-12
Product C,PRODC-301,232,222,3555.07,145,5,3,2456.83,3.35,Pass,2022-01-05
Product C,PRODC-302,97,99,5008.62,517,3,3,2589.17,3.45,Pass,2022-08-29
Product B,PRODB-203,178,171,3077.17,456,8,4,1373.49,2.01,Pass,2021-12-27
Product A,PRODA-103,378,381,3152.31,115,8,2,2186.62,1.51,Pass,2021-10-02
Product D,PRODD-402,311,320,4314.14,335,2,5,2014.65,1.15,Pass,2022-03-15
Product D,PRODD-401,168,158,5398.14,593,4,5,2780.03,3.36,Pass,2021-12-20
Product A,PRODA-102,298,295,6541.06,581,3,1,1314.48,2.07,Pass,2022-06-03
Product B,PRODB-203,242,233,6614.75,275,2,4,3077.86,1.19,Pass,2021-11-05
Product D,PRODD-403,162,150,5489.21,304,2,4,2534.39,3.01,Fail,2022-02-06
Product A,PRODA-102,105,106,2903.29,357,7,4,1491.12,0.76,Pass,2021-10-07
Product D,PRODD-401,205,225,5249.94,196,4,1,3605.73,0.56,Pass,2022-02-19
Product D,PRODD-401,393,371,5169.06,105,8,4,3273.99,2.51,Pass,2021-10-29
Product B,PRODB-201,203,216,3457.23,484,2,6,1475.28,3.44,Pass,2022-08-08
Product B,PRODB-201,348,361,3564.7,357,2,3,3316.53,2.41,Pass,2022-01-14
Product A,PRODA-101,473,460,2848.77,519,8,1,3687.79,1.35,Pass,2022-03-12
Product C,PRODC-301,399,423,5919.27,289,7,1,3018.89,2.09,Pass,2022-08-14
Product A,PRODA-102,248,252,5049.39,465,6,1,1375.61,2.77,Pass,2021-11-01
Product C,PRODC-302,229,219,2726.29,144,6,6,3128.13,1.37,Pass,2022-07-03
Product A,PRODA-102,375,376,7051.14,211,5,2,3984.28,2.91,Pass,2021-10-01
Product C,PRODC-301,131,124,6382.33,590,6,3,1225.39,1.45,Pass,2021-11-17
